[0m15:29:45.747454 [debug] [MainThread]: Sending event: {'category': 'dbt', 'action': 'invocation', 'label': 'start', 'context': [<snowplow_tracker.self_describing_json.SelfDescribingJson object at 0x7183dbe03020>, <snowplow_tracker.self_describing_json.SelfDescribingJson object at 0x7183dc1a50a0>, <snowplow_tracker.self_describing_json.SelfDescribingJson object at 0x7183dbe00470>]}


============================== 15:29:45.770466 | 46fecfb6-949c-484d-bef7-09e11ee4521c ==============================
[0m15:29:45.770466 [info ] [MainThread]: Running with dbt=1.7.20
[0m15:29:45.771136 [debug] [MainThread]: running dbt with arguments {'printer_width': '80', 'indirect_selection': 'eager', 'write_json': 'True', 'log_cache_events': 'False', 'partial_parse': 'True', 'cache_selected_only': 'False', 'warn_error': 'None', 'version_check': 'True', 'profiles_dir': '/home/democratabi/olist_platform/include/dbt', 'log_path': 'logs', 'fail_fast': 'False', 'debug': 'False', 'use_colors': 'True', 'use_experimental_parser': 'False', 'no_print': 'None', 'quiet': 'False', 'log_format': 'default', 'static_parser': 'True', 'warn_error_options': 'WarnErrorOptions(include=[], exclude=[])', 'invocation_command': 'dbt debug', 'target_path': 'None', 'introspect': 'True', 'send_anonymous_usage_stats': 'True'}
[0m15:29:45.771642 [info ] [MainThread]: This version of dbt is deprecated and no longer receives regular patches, including for known bugs. We recommend upgrading to a newer supported version of dbt: https://docs.getdbt.com/docs/dbt-versions
[0m15:29:45.772176 [debug] [MainThread]: Sending event: {'category': 'dbt', 'action': 'deprecated_version_invocation', 'label': '46fecfb6-949c-484d-bef7-09e11ee4521c', 'context': [<snowplow_tracker.self_describing_json.SelfDescribingJson object at 0x7183dc1a50a0>]}
[0m15:29:45.772878 [info ] [MainThread]: dbt version: 1.7.20
[0m15:29:45.773327 [info ] [MainThread]: python version: 3.12.3
[0m15:29:45.773736 [info ] [MainThread]: python path: /home/democratabi/olist_platform/.venv/bin/python3
[0m15:29:45.774127 [info ] [MainThread]: os info: Linux-6.18.33.2-microsoft-standard-WSL2-x86_64-with-glibc2.39
[0m15:29:46.286407 [info ] [MainThread]: Using profiles dir at /home/democratabi/olist_platform/include/dbt
[0m15:29:46.286919 [info ] [MainThread]: Using profiles.yml file at /home/democratabi/olist_platform/include/dbt/profiles.yml
[0m15:29:46.287348 [info ] [MainThread]: Using dbt_project.yml file at /home/democratabi/olist_platform/include/dbt/dbt_project.yml
[0m15:29:46.288168 [info ] [MainThread]: adapter type: mysql
[0m15:29:46.288550 [info ] [MainThread]: adapter version: 1.7.0
[0m15:29:46.288897 [info ] [MainThread]: Configuration:
[0m15:29:46.289226 [info ] [MainThread]:   profiles.yml file [[32mOK found and valid[0m]
[0m15:29:46.289550 [info ] [MainThread]:   dbt_project.yml file [[31mERROR not found[0m]
[0m15:29:46.289937 [info ] [MainThread]: Required dependencies:
[0m15:29:46.290359 [debug] [MainThread]: Executing "git --help"
[0m15:29:46.292858 [debug] [MainThread]: STDOUT: "b"usage: git [-v | --version] [-h | --help] [-C <path>] [-c <name>=<value>]\n           [--exec-path[=<path>]] [--html-path] [--man-path] [--info-path]\n           [-p | --paginate | -P | --no-pager] [--no-replace-objects] [--bare]\n           [--git-dir=<path>] [--work-tree=<path>] [--namespace=<name>]\n           [--config-env=<name>=<envvar>] <command> [<args>]\n\nThese are common Git commands used in various situations:\n\nstart a working area (see also: git help tutorial)\n   clone     Clone a repository into a new directory\n   init      Create an empty Git repository or reinitialize an existing one\n\nwork on the current change (see also: git help everyday)\n   add       Add file contents to the index\n   mv        Move or rename a file, a directory, or a symlink\n   restore   Restore working tree files\n   rm        Remove files from the working tree and from the index\n\nexamine the history and state (see also: git help revisions)\n   bisect    Use binary search to find the commit that introduced a bug\n   diff      Show changes between commits, commit and working tree, etc\n   grep      Print lines matching a pattern\n   log       Show commit logs\n   show      Show various types of objects\n   status    Show the working tree status\n\ngrow, mark and tweak your common history\n   branch    List, create, or delete branches\n   commit    Record changes to the repository\n   merge     Join two or more development histories together\n   rebase    Reapply commits on top of another base tip\n   reset     Reset current HEAD to the specified state\n   switch    Switch branches\n   tag       Create, list, delete or verify a tag object signed with GPG\n\ncollaborate (see also: git help workflows)\n   fetch     Download objects and refs from another repository\n   pull      Fetch from and integrate with another repository or a local branch\n   push      Update remote refs along with associated objects\n\n'git help -a' and 'git help -g' list available subcommands and some\nconcept guides. See 'git help <command>' or 'git help <concept>'\nto read about a specific subcommand or concept.\nSee 'git help git' for an overview of the system.\n""
[0m15:29:46.293380 [debug] [MainThread]: STDERR: "b''"
[0m15:29:46.293739 [info ] [MainThread]:  - git [[32mOK found[0m]

[0m15:29:46.294098 [info ] [MainThread]: Connection:
[0m15:29:46.294480 [info ] [MainThread]:   server: localhost
[0m15:29:46.294858 [info ] [MainThread]:   unix_socket: None
[0m15:29:46.295305 [info ] [MainThread]:   port: 3306
[0m15:29:46.295714 [info ] [MainThread]:   database: None
[0m15:29:46.296160 [info ] [MainThread]:   schema: analytics
[0m15:29:46.296691 [info ] [MainThread]:   user: warehouse
[0m15:29:46.297404 [info ] [MainThread]: Registered adapter: mysql=1.7.0
[0m15:29:46.298423 [debug] [MainThread]: Acquiring new mysql connection 'debug'
[0m15:29:46.298924 [debug] [MainThread]: Using mysql connection "debug"
[0m15:29:46.299669 [debug] [MainThread]: On debug: select 1 as id
[0m15:29:46.300402 [debug] [MainThread]: Opening a new connection, currently in state init
[0m15:29:46.379507 [debug] [MainThread]: mysql adapter: Failed connection without supplying the `database`. Trying again with `database` included.
[0m15:29:46.442630 [debug] [MainThread]: mysql adapter: Got an error when attempting to open a mysql connection: '1045 (28000): Access denied for user 'warehouse'@'172.18.0.1' (using password: YES)'
[0m15:29:46.443420 [debug] [MainThread]: mysql adapter: Error running SQL: select 1 as id
[0m15:29:46.443862 [debug] [MainThread]: mysql adapter: Rolling back transaction.
[0m15:29:46.444363 [debug] [MainThread]: On debug: No close available on handle
[0m15:29:46.448956 [info ] [MainThread]:   Connection test: [[31mERROR[0m]

[0m15:29:46.450863 [info ] [MainThread]: [31m2 checks failed:[0m
[0m15:29:46.451292 [info ] [MainThread]: Project loading failed for the following reason:
 project path </home/democratabi/olist_platform/include/dbt/dbt_project.yml> not found

[0m15:29:46.451729 [info ] [MainThread]: dbt was unable to connect to the specified database.
The database returned the following error:

  >Database Error
  1045 (28000): Access denied for user 'warehouse'@'172.18.0.1' (using password: YES)

Check your database credentials and try again. For more information, visit:
https://docs.getdbt.com/docs/configure-your-profile


[0m15:29:46.452377 [debug] [MainThread]: Resource report: {"command_name": "debug", "command_wall_clock_time": 0.7655623, "process_user_time": 4.012384, "process_kernel_time": 0.683758, "process_mem_max_rss": "116656", "process_in_blocks": "23208", "process_out_blocks": "31928", "command_success": false}
[0m15:29:46.452896 [debug] [MainThread]: Command `dbt debug` failed at 15:29:46.452759 after 0.77 seconds
[0m15:29:46.453267 [debug] [MainThread]: Connection 'debug' was properly closed.
[0m15:29:46.453624 [debug] [MainThread]: Sending event: {'category': 'dbt', 'action': 'invocation', 'label': 'end', 'context': [<snowplow_tracker.self_describing_json.SelfDescribingJson object at 0x7183dc1a50a0>, <snowplow_tracker.self_describing_json.SelfDescribingJson object at 0x7183dbcb84a0>, <snowplow_tracker.self_describing_json.SelfDescribingJson object at 0x7183dba13170>]}
[0m15:29:46.454046 [debug] [MainThread]: Flushing usage events
[0m15:31:57.194804 [debug] [MainThread]: Sending event: {'category': 'dbt', 'action': 'invocation', 'label': 'start', 'context': [<snowplow_tracker.self_describing_json.SelfDescribingJson object at 0x731637595070>, <snowplow_tracker.self_describing_json.SelfDescribingJson object at 0x731637de87d0>, <snowplow_tracker.self_describing_json.SelfDescribingJson object at 0x7316375956a0>]}


============================== 15:31:57.197694 | 076a3db4-83cb-4450-87cb-9c647d86893d ==============================
[0m15:31:57.197694 [info ] [MainThread]: Running with dbt=1.7.20
[0m15:31:57.198802 [debug] [MainThread]: running dbt with arguments {'printer_width': '80', 'indirect_selection': 'eager', 'write_json': 'True', 'log_cache_events': 'False', 'partial_parse': 'True', 'cache_selected_only': 'False', 'profiles_dir': '/home/democratabi/olist_platform/include/dbt', 'fail_fast': 'False', 'debug': 'False', 'log_path': '/home/democratabi/olist_platform/include/dbt/logs', 'version_check': 'True', 'warn_error': 'None', 'use_colors': 'True', 'use_experimental_parser': 'False', 'no_print': 'None', 'quiet': 'False', 'log_format': 'default', 'introspect': 'True', 'warn_error_options': 'WarnErrorOptions(include=[], exclude=[])', 'invocation_command': 'dbt debug', 'target_path': 'None', 'static_parser': 'True', 'send_anonymous_usage_stats': 'True'}
[0m15:31:57.199552 [info ] [MainThread]: This version of dbt is deprecated and no longer receives regular patches, including for known bugs. We recommend upgrading to a newer supported version of dbt: https://docs.getdbt.com/docs/dbt-versions
[0m15:31:57.200378 [debug] [MainThread]: Sending event: {'category': 'dbt', 'action': 'deprecated_version_invocation', 'label': '076a3db4-83cb-4450-87cb-9c647d86893d', 'context': [<snowplow_tracker.self_describing_json.SelfDescribingJson object at 0x731638155100>]}
[0m15:31:57.201206 [info ] [MainThread]: dbt version: 1.7.20
[0m15:31:57.201908 [info ] [MainThread]: python version: 3.12.3
[0m15:31:57.202270 [info ] [MainThread]: python path: /home/democratabi/olist_platform/.venv/bin/python3
[0m15:31:57.202654 [info ] [MainThread]: os info: Linux-6.18.33.2-microsoft-standard-WSL2-x86_64-with-glibc2.39
[0m15:31:57.358680 [info ] [MainThread]: Using profiles dir at /home/democratabi/olist_platform/include/dbt
[0m15:31:57.359280 [info ] [MainThread]: Using profiles.yml file at /home/democratabi/olist_platform/include/dbt/profiles.yml
[0m15:31:57.359706 [info ] [MainThread]: Using dbt_project.yml file at /home/democratabi/olist_platform/include/dbt/dbt_project.yml
[0m15:31:57.360365 [info ] [MainThread]: adapter type: mysql
[0m15:31:57.360811 [info ] [MainThread]: adapter version: 1.7.0
[0m15:31:57.530985 [info ] [MainThread]: Configuration:
[0m15:31:57.531696 [info ] [MainThread]:   profiles.yml file [[32mOK found and valid[0m]
[0m15:31:57.532310 [info ] [MainThread]:   dbt_project.yml file [[32mOK found and valid[0m]
[0m15:31:57.532758 [info ] [MainThread]: Required dependencies:
[0m15:31:57.533284 [debug] [MainThread]: Executing "git --help"
[0m15:31:57.536092 [debug] [MainThread]: STDOUT: "b"usage: git [-v | --version] [-h | --help] [-C <path>] [-c <name>=<value>]\n           [--exec-path[=<path>]] [--html-path] [--man-path] [--info-path]\n           [-p | --paginate | -P | --no-pager] [--no-replace-objects] [--bare]\n           [--git-dir=<path>] [--work-tree=<path>] [--namespace=<name>]\n           [--config-env=<name>=<envvar>] <command> [<args>]\n\nThese are common Git commands used in various situations:\n\nstart a working area (see also: git help tutorial)\n   clone     Clone a repository into a new directory\n   init      Create an empty Git repository or reinitialize an existing one\n\nwork on the current change (see also: git help everyday)\n   add       Add file contents to the index\n   mv        Move or rename a file, a directory, or a symlink\n   restore   Restore working tree files\n   rm        Remove files from the working tree and from the index\n\nexamine the history and state (see also: git help revisions)\n   bisect    Use binary search to find the commit that introduced a bug\n   diff      Show changes between commits, commit and working tree, etc\n   grep      Print lines matching a pattern\n   log       Show commit logs\n   show      Show various types of objects\n   status    Show the working tree status\n\ngrow, mark and tweak your common history\n   branch    List, create, or delete branches\n   commit    Record changes to the repository\n   merge     Join two or more development histories together\n   rebase    Reapply commits on top of another base tip\n   reset     Reset current HEAD to the specified state\n   switch    Switch branches\n   tag       Create, list, delete or verify a tag object signed with GPG\n\ncollaborate (see also: git help workflows)\n   fetch     Download objects and refs from another repository\n   pull      Fetch from and integrate with another repository or a local branch\n   push      Update remote refs along with associated objects\n\n'git help -a' and 'git help -g' list available subcommands and some\nconcept guides. See 'git help <command>' or 'git help <concept>'\nto read about a specific subcommand or concept.\nSee 'git help git' for an overview of the system.\n""
[0m15:31:57.537093 [debug] [MainThread]: STDERR: "b''"
[0m15:31:57.537738 [info ] [MainThread]:  - git [[32mOK found[0m]

[0m15:31:57.538381 [info ] [MainThread]: Connection:
[0m15:31:57.539069 [info ] [MainThread]:   server: localhost
[0m15:31:57.539877 [info ] [MainThread]:   unix_socket: None
[0m15:31:57.540802 [info ] [MainThread]:   port: 3306
[0m15:31:57.541771 [info ] [MainThread]:   database: None
[0m15:31:57.542777 [info ] [MainThread]:   schema: analytics
[0m15:31:57.543664 [info ] [MainThread]:   user: warehouse
[0m15:31:57.544779 [info ] [MainThread]: Registered adapter: mysql=1.7.0
[0m15:31:57.546070 [debug] [MainThread]: Acquiring new mysql connection 'debug'
[0m15:31:57.546788 [debug] [MainThread]: Using mysql connection "debug"
[0m15:31:57.547278 [debug] [MainThread]: On debug: select 1 as id
[0m15:31:57.547775 [debug] [MainThread]: Opening a new connection, currently in state init
[0m15:31:57.632247 [debug] [MainThread]: mysql adapter: Failed connection without supplying the `database`. Trying again with `database` included.
[0m15:31:57.691300 [debug] [MainThread]: mysql adapter: Got an error when attempting to open a mysql connection: '1045 (28000): Access denied for user 'warehouse'@'172.18.0.1' (using password: YES)'
[0m15:31:57.692218 [debug] [MainThread]: mysql adapter: Error running SQL: select 1 as id
[0m15:31:57.692788 [debug] [MainThread]: mysql adapter: Rolling back transaction.
[0m15:31:57.693453 [debug] [MainThread]: On debug: No close available on handle
[0m15:31:57.696108 [info ] [MainThread]:   Connection test: [[31mERROR[0m]

[0m15:31:57.696789 [info ] [MainThread]: [31m1 check failed:[0m
[0m15:31:57.697249 [info ] [MainThread]: dbt was unable to connect to the specified database.
The database returned the following error:

  >Database Error
  1045 (28000): Access denied for user 'warehouse'@'172.18.0.1' (using password: YES)

Check your database credentials and try again. For more information, visit:
https://docs.getdbt.com/docs/configure-your-profile


[0m15:31:57.697847 [debug] [MainThread]: Resource report: {"command_name": "debug", "command_wall_clock_time": 0.5801805, "process_user_time": 2.313385, "process_kernel_time": 0.169993, "process_mem_max_rss": "113160", "process_in_blocks": "24", "process_out_blocks": "16", "command_success": false}
[0m15:31:57.698426 [debug] [MainThread]: Command `dbt debug` failed at 15:31:57.698269 after 0.58 seconds
[0m15:31:57.698892 [debug] [MainThread]: Connection 'debug' was properly closed.
[0m15:31:57.699315 [debug] [MainThread]: Sending event: {'category': 'dbt', 'action': 'invocation', 'label': 'end', 'context': [<snowplow_tracker.self_describing_json.SelfDescribingJson object at 0x731638155100>, <snowplow_tracker.self_describing_json.SelfDescribingJson object at 0x731637053380>, <snowplow_tracker.self_describing_json.SelfDescribingJson object at 0x731637addc70>]}
[0m15:31:57.699768 [debug] [MainThread]: Flushing usage events
[0m15:32:55.247676 [debug] [MainThread]: Sending event: {'category': 'dbt', 'action': 'invocation', 'label': 'start', 'context': [<snowplow_tracker.self_describing_json.SelfDescribingJson object at 0x7f754adbd100>, <snowplow_tracker.self_describing_json.SelfDescribingJson object at 0x7f754a7da0c0>, <snowplow_tracker.self_describing_json.SelfDescribingJson object at 0x7f754a7d9910>]}


============================== 15:32:55.251635 | e00c5e80-32ef-4643-8869-5687dccf0a9d ==============================
[0m15:32:55.251635 [info ] [MainThread]: Running with dbt=1.7.20
[0m15:32:55.252277 [debug] [MainThread]: running dbt with arguments {'printer_width': '80', 'indirect_selection': 'eager', 'write_json': 'True', 'log_cache_events': 'False', 'partial_parse': 'True', 'cache_selected_only': 'False', 'profiles_dir': '/home/democratabi/olist_platform/include/dbt', 'version_check': 'True', 'warn_error': 'None', 'log_path': '/home/democratabi/olist_platform/include/dbt/logs', 'debug': 'False', 'fail_fast': 'False', 'use_colors': 'True', 'use_experimental_parser': 'False', 'no_print': 'None', 'quiet': 'False', 'warn_error_options': 'WarnErrorOptions(include=[], exclude=[])', 'static_parser': 'True', 'log_format': 'default', 'introspect': 'True', 'target_path': 'None', 'invocation_command': 'dbt debug', 'send_anonymous_usage_stats': 'True'}
[0m15:32:55.252620 [info ] [MainThread]: This version of dbt is deprecated and no longer receives regular patches, including for known bugs. We recommend upgrading to a newer supported version of dbt: https://docs.getdbt.com/docs/dbt-versions
[0m15:32:55.253009 [debug] [MainThread]: Sending event: {'category': 'dbt', 'action': 'deprecated_version_invocation', 'label': 'e00c5e80-32ef-4643-8869-5687dccf0a9d', 'context': [<snowplow_tracker.self_describing_json.SelfDescribingJson object at 0x7f754abac620>]}
[0m15:32:55.253458 [info ] [MainThread]: dbt version: 1.7.20
[0m15:32:55.253847 [info ] [MainThread]: python version: 3.12.3
[0m15:32:55.254183 [info ] [MainThread]: python path: /home/democratabi/olist_platform/.venv/bin/python3
[0m15:32:55.254503 [info ] [MainThread]: os info: Linux-6.18.33.2-microsoft-standard-WSL2-x86_64-with-glibc2.39
[0m15:32:55.535437 [info ] [MainThread]: Using profiles dir at /home/democratabi/olist_platform/include/dbt
[0m15:32:55.536229 [info ] [MainThread]: Using profiles.yml file at /home/democratabi/olist_platform/include/dbt/profiles.yml
[0m15:32:55.536954 [info ] [MainThread]: Using dbt_project.yml file at /home/democratabi/olist_platform/include/dbt/dbt_project.yml
[0m15:32:55.537919 [info ] [MainThread]: adapter type: mysql
[0m15:32:55.538491 [info ] [MainThread]: adapter version: 1.7.0
[0m15:32:55.741327 [info ] [MainThread]: Configuration:
[0m15:32:55.742373 [info ] [MainThread]:   profiles.yml file [[32mOK found and valid[0m]
[0m15:32:55.743140 [info ] [MainThread]:   dbt_project.yml file [[32mOK found and valid[0m]
[0m15:32:55.743896 [info ] [MainThread]: Required dependencies:
[0m15:32:55.744812 [debug] [MainThread]: Executing "git --help"
[0m15:32:55.748679 [debug] [MainThread]: STDOUT: "b"usage: git [-v | --version] [-h | --help] [-C <path>] [-c <name>=<value>]\n           [--exec-path[=<path>]] [--html-path] [--man-path] [--info-path]\n           [-p | --paginate | -P | --no-pager] [--no-replace-objects] [--bare]\n           [--git-dir=<path>] [--work-tree=<path>] [--namespace=<name>]\n           [--config-env=<name>=<envvar>] <command> [<args>]\n\nThese are common Git commands used in various situations:\n\nstart a working area (see also: git help tutorial)\n   clone     Clone a repository into a new directory\n   init      Create an empty Git repository or reinitialize an existing one\n\nwork on the current change (see also: git help everyday)\n   add       Add file contents to the index\n   mv        Move or rename a file, a directory, or a symlink\n   restore   Restore working tree files\n   rm        Remove files from the working tree and from the index\n\nexamine the history and state (see also: git help revisions)\n   bisect    Use binary search to find the commit that introduced a bug\n   diff      Show changes between commits, commit and working tree, etc\n   grep      Print lines matching a pattern\n   log       Show commit logs\n   show      Show various types of objects\n   status    Show the working tree status\n\ngrow, mark and tweak your common history\n   branch    List, create, or delete branches\n   commit    Record changes to the repository\n   merge     Join two or more development histories together\n   rebase    Reapply commits on top of another base tip\n   reset     Reset current HEAD to the specified state\n   switch    Switch branches\n   tag       Create, list, delete or verify a tag object signed with GPG\n\ncollaborate (see also: git help workflows)\n   fetch     Download objects and refs from another repository\n   pull      Fetch from and integrate with another repository or a local branch\n   push      Update remote refs along with associated objects\n\n'git help -a' and 'git help -g' list available subcommands and some\nconcept guides. See 'git help <command>' or 'git help <concept>'\nto read about a specific subcommand or concept.\nSee 'git help git' for an overview of the system.\n""
[0m15:32:55.749732 [debug] [MainThread]: STDERR: "b''"
[0m15:32:55.750463 [info ] [MainThread]:  - git [[32mOK found[0m]

[0m15:32:55.751123 [info ] [MainThread]: Connection:
[0m15:32:55.751770 [info ] [MainThread]:   server: mysql_dw
[0m15:32:55.752382 [info ] [MainThread]:   unix_socket: None
[0m15:32:55.752952 [info ] [MainThread]:   port: 3306
[0m15:32:55.753580 [info ] [MainThread]:   database: None
[0m15:32:55.754165 [info ] [MainThread]:   schema: analytics
[0m15:32:55.754803 [info ] [MainThread]:   user: warehouse
[0m15:32:55.755482 [info ] [MainThread]: Registered adapter: mysql=1.7.0
[0m15:32:55.756640 [debug] [MainThread]: Acquiring new mysql connection 'debug'
[0m15:32:55.757334 [debug] [MainThread]: Using mysql connection "debug"
[0m15:32:55.757946 [debug] [MainThread]: On debug: select 1 as id
[0m15:32:55.758551 [debug] [MainThread]: Opening a new connection, currently in state init
[0m15:32:55.876214 [debug] [MainThread]: mysql adapter: Failed connection without supplying the `database`. Trying again with `database` included.
[0m15:32:55.941170 [debug] [MainThread]: mysql adapter: Got an error when attempting to open a mysql connection: '2003: Can't connect to MySQL server on 'mysql_dw:3306' (Errno -2: Name or service not known)'
[0m15:32:55.942270 [debug] [MainThread]: mysql adapter: Error running SQL: select 1 as id
[0m15:32:55.942875 [debug] [MainThread]: mysql adapter: Rolling back transaction.
[0m15:32:55.943643 [debug] [MainThread]: On debug: No close available on handle
[0m15:32:55.944368 [info ] [MainThread]:   Connection test: [[31mERROR[0m]

[0m15:32:55.945205 [info ] [MainThread]: [31m1 check failed:[0m
[0m15:32:55.945944 [info ] [MainThread]: dbt was unable to connect to the specified database.
The database returned the following error:

  >Database Error
  2003: Can't connect to MySQL server on 'mysql_dw:3306' (Errno -2: Name or service not known)

Check your database credentials and try again. For more information, visit:
https://docs.getdbt.com/docs/configure-your-profile


[0m15:32:55.946997 [debug] [MainThread]: Resource report: {"command_name": "debug", "command_wall_clock_time": 0.77151746, "process_user_time": 2.505885, "process_kernel_time": 0.149605, "process_mem_max_rss": "110256", "process_out_blocks": "16", "command_success": false, "process_in_blocks": "0"}
[0m15:32:55.947944 [debug] [MainThread]: Command `dbt debug` failed at 15:32:55.947644 after 0.77 seconds
[0m15:32:55.948623 [debug] [MainThread]: Connection 'debug' was properly closed.
[0m15:32:55.949680 [debug] [MainThread]: Sending event: {'category': 'dbt', 'action': 'invocation', 'label': 'end', 'context': [<snowplow_tracker.self_describing_json.SelfDescribingJson object at 0x7f754a7a5610>, <snowplow_tracker.self_describing_json.SelfDescribingJson object at 0x7f754a77ef30>, <snowplow_tracker.self_describing_json.SelfDescribingJson object at 0x7f754adeb9e0>]}
[0m15:32:55.950578 [debug] [MainThread]: Flushing usage events
[0m15:34:09.230799 [debug] [MainThread]: Sending event: {'category': 'dbt', 'action': 'invocation', 'label': 'start', 'context': [<snowplow_tracker.self_describing_json.SelfDescribingJson object at 0x7a28ecf34890>, <snowplow_tracker.self_describing_json.SelfDescribingJson object at 0x7a28eccb1100>, <snowplow_tracker.self_describing_json.SelfDescribingJson object at 0x7a28ecfe5940>]}


============================== 15:34:09.233206 | d5072bd5-383a-4d58-a096-42b65bbb4285 ==============================
[0m15:34:09.233206 [info ] [MainThread]: Running with dbt=1.7.20
[0m15:34:09.233906 [debug] [MainThread]: running dbt with arguments {'printer_width': '80', 'indirect_selection': 'eager', 'write_json': 'True', 'log_cache_events': 'False', 'partial_parse': 'True', 'cache_selected_only': 'False', 'profiles_dir': '/home/democratabi/olist_platform/include/dbt', 'debug': 'False', 'warn_error': 'None', 'log_path': '/home/democratabi/olist_platform/include/dbt/logs', 'fail_fast': 'False', 'version_check': 'True', 'use_colors': 'True', 'use_experimental_parser': 'False', 'no_print': 'None', 'quiet': 'False', 'log_format': 'default', 'static_parser': 'True', 'invocation_command': 'dbt debug', 'introspect': 'True', 'target_path': 'None', 'warn_error_options': 'WarnErrorOptions(include=[], exclude=[])', 'send_anonymous_usage_stats': 'True'}
[0m15:34:09.234456 [info ] [MainThread]: This version of dbt is deprecated and no longer receives regular patches, including for known bugs. We recommend upgrading to a newer supported version of dbt: https://docs.getdbt.com/docs/dbt-versions
[0m15:34:09.234956 [debug] [MainThread]: Sending event: {'category': 'dbt', 'action': 'deprecated_version_invocation', 'label': 'd5072bd5-383a-4d58-a096-42b65bbb4285', 'context': [<snowplow_tracker.self_describing_json.SelfDescribingJson object at 0x7a28ecb947d0>]}
[0m15:34:09.235482 [info ] [MainThread]: dbt version: 1.7.20
[0m15:34:09.235877 [info ] [MainThread]: python version: 3.12.3
[0m15:34:09.236224 [info ] [MainThread]: python path: /home/democratabi/olist_platform/.venv/bin/python3
[0m15:34:09.236557 [info ] [MainThread]: os info: Linux-6.18.33.2-microsoft-standard-WSL2-x86_64-with-glibc2.39
[0m15:34:09.375546 [info ] [MainThread]: Using profiles dir at /home/democratabi/olist_platform/include/dbt
[0m15:34:09.376083 [info ] [MainThread]: Using profiles.yml file at /home/democratabi/olist_platform/include/dbt/profiles.yml
[0m15:34:09.376504 [info ] [MainThread]: Using dbt_project.yml file at /home/democratabi/olist_platform/include/dbt/dbt_project.yml
[0m15:34:09.377038 [info ] [MainThread]: adapter type: mysql
[0m15:34:09.377386 [info ] [MainThread]: adapter version: 1.7.0
[0m15:34:09.500733 [info ] [MainThread]: Configuration:
[0m15:34:09.501346 [info ] [MainThread]:   profiles.yml file [[32mOK found and valid[0m]
[0m15:34:09.501764 [info ] [MainThread]:   dbt_project.yml file [[32mOK found and valid[0m]
[0m15:34:09.502131 [info ] [MainThread]: Required dependencies:
[0m15:34:09.502526 [debug] [MainThread]: Executing "git --help"
[0m15:34:09.504289 [debug] [MainThread]: STDOUT: "b"usage: git [-v | --version] [-h | --help] [-C <path>] [-c <name>=<value>]\n           [--exec-path[=<path>]] [--html-path] [--man-path] [--info-path]\n           [-p | --paginate | -P | --no-pager] [--no-replace-objects] [--bare]\n           [--git-dir=<path>] [--work-tree=<path>] [--namespace=<name>]\n           [--config-env=<name>=<envvar>] <command> [<args>]\n\nThese are common Git commands used in various situations:\n\nstart a working area (see also: git help tutorial)\n   clone     Clone a repository into a new directory\n   init      Create an empty Git repository or reinitialize an existing one\n\nwork on the current change (see also: git help everyday)\n   add       Add file contents to the index\n   mv        Move or rename a file, a directory, or a symlink\n   restore   Restore working tree files\n   rm        Remove files from the working tree and from the index\n\nexamine the history and state (see also: git help revisions)\n   bisect    Use binary search to find the commit that introduced a bug\n   diff      Show changes between commits, commit and working tree, etc\n   grep      Print lines matching a pattern\n   log       Show commit logs\n   show      Show various types of objects\n   status    Show the working tree status\n\ngrow, mark and tweak your common history\n   branch    List, create, or delete branches\n   commit    Record changes to the repository\n   merge     Join two or more development histories together\n   rebase    Reapply commits on top of another base tip\n   reset     Reset current HEAD to the specified state\n   switch    Switch branches\n   tag       Create, list, delete or verify a tag object signed with GPG\n\ncollaborate (see also: git help workflows)\n   fetch     Download objects and refs from another repository\n   pull      Fetch from and integrate with another repository or a local branch\n   push      Update remote refs along with associated objects\n\n'git help -a' and 'git help -g' list available subcommands and some\nconcept guides. See 'git help <command>' or 'git help <concept>'\nto read about a specific subcommand or concept.\nSee 'git help git' for an overview of the system.\n""
[0m15:34:09.504681 [debug] [MainThread]: STDERR: "b''"
[0m15:34:09.504996 [info ] [MainThread]:  - git [[32mOK found[0m]

[0m15:34:09.505437 [info ] [MainThread]: Connection:
[0m15:34:09.505814 [info ] [MainThread]:   server: localhost
[0m15:34:09.506288 [info ] [MainThread]:   unix_socket: None
[0m15:34:09.506760 [info ] [MainThread]:   port: 3306
[0m15:34:09.507202 [info ] [MainThread]:   database: None
[0m15:34:09.507541 [info ] [MainThread]:   schema: analytics
[0m15:34:09.507936 [info ] [MainThread]:   user: warehouse
[0m15:34:09.508423 [info ] [MainThread]: Registered adapter: mysql=1.7.0
[0m15:34:09.509253 [debug] [MainThread]: Acquiring new mysql connection 'debug'
[0m15:34:09.509709 [debug] [MainThread]: Using mysql connection "debug"
[0m15:34:09.510100 [debug] [MainThread]: On debug: select 1 as id
[0m15:34:09.510500 [debug] [MainThread]: Opening a new connection, currently in state init
[0m15:34:09.565969 [debug] [MainThread]: mysql adapter: Failed connection without supplying the `database`. Trying again with `database` included.
[0m15:34:09.611092 [debug] [MainThread]: mysql adapter: Got an error when attempting to open a mysql connection: '1045 (28000): Access denied for user 'warehouse'@'172.18.0.1' (using password: YES)'
[0m15:34:09.611594 [debug] [MainThread]: mysql adapter: Error running SQL: select 1 as id
[0m15:34:09.611950 [debug] [MainThread]: mysql adapter: Rolling back transaction.
[0m15:34:09.612313 [debug] [MainThread]: On debug: No close available on handle
[0m15:34:09.614571 [info ] [MainThread]:   Connection test: [[31mERROR[0m]

[0m15:34:09.615156 [info ] [MainThread]: [31m1 check failed:[0m
[0m15:34:09.615551 [info ] [MainThread]: dbt was unable to connect to the specified database.
The database returned the following error:

  >Database Error
  1045 (28000): Access denied for user 'warehouse'@'172.18.0.1' (using password: YES)

Check your database credentials and try again. For more information, visit:
https://docs.getdbt.com/docs/configure-your-profile


[0m15:34:09.616082 [debug] [MainThread]: Resource report: {"command_name": "debug", "command_wall_clock_time": 0.43865737, "process_user_time": 2.521154, "process_kernel_time": 0.167828, "process_mem_max_rss": "113148", "process_out_blocks": "16", "command_success": false, "process_in_blocks": "0"}
[0m15:34:09.616510 [debug] [MainThread]: Command `dbt debug` failed at 15:34:09.616376 after 0.44 seconds
[0m15:34:09.616866 [debug] [MainThread]: Connection 'debug' was properly closed.
[0m15:34:09.617210 [debug] [MainThread]: Sending event: {'category': 'dbt', 'action': 'invocation', 'label': 'end', 'context': [<snowplow_tracker.self_describing_json.SelfDescribingJson object at 0x7a28ecb947d0>, <snowplow_tracker.self_describing_json.SelfDescribingJson object at 0x7a28ec929700>, <snowplow_tracker.self_describing_json.SelfDescribingJson object at 0x7a28ed3e8740>]}
[0m15:34:09.617591 [debug] [MainThread]: Flushing usage events
[0m15:35:20.791594 [debug] [MainThread]: Sending event: {'category': 'dbt', 'action': 'invocation', 'label': 'start', 'context': [<snowplow_tracker.self_describing_json.SelfDescribingJson object at 0x71ccd0479040>, <snowplow_tracker.self_describing_json.SelfDescribingJson object at 0x71ccd047b1d0>, <snowplow_tracker.self_describing_json.SelfDescribingJson object at 0x71ccd0478b60>]}


============================== 15:35:20.794275 | e38f0522-2efd-4fbf-8ba4-c33f45b76552 ==============================
[0m15:35:20.794275 [info ] [MainThread]: Running with dbt=1.7.20
[0m15:35:20.794999 [debug] [MainThread]: running dbt with arguments {'printer_width': '80', 'indirect_selection': 'eager', 'write_json': 'True', 'log_cache_events': 'False', 'partial_parse': 'True', 'cache_selected_only': 'False', 'warn_error': 'None', 'fail_fast': 'False', 'version_check': 'True', 'log_path': '/home/democratabi/olist_platform/include/dbt/logs', 'debug': 'False', 'profiles_dir': '/home/democratabi/olist_platform/include/dbt', 'use_colors': 'True', 'use_experimental_parser': 'False', 'no_print': 'None', 'quiet': 'False', 'log_format': 'default', 'introspect': 'True', 'invocation_command': 'dbt debug', 'warn_error_options': 'WarnErrorOptions(include=[], exclude=[])', 'target_path': 'None', 'static_parser': 'True', 'send_anonymous_usage_stats': 'True'}
[0m15:35:20.795435 [info ] [MainThread]: This version of dbt is deprecated and no longer receives regular patches, including for known bugs. We recommend upgrading to a newer supported version of dbt: https://docs.getdbt.com/docs/dbt-versions
[0m15:35:20.795938 [debug] [MainThread]: Sending event: {'category': 'dbt', 'action': 'deprecated_version_invocation', 'label': 'e38f0522-2efd-4fbf-8ba4-c33f45b76552', 'context': [<snowplow_tracker.self_describing_json.SelfDescribingJson object at 0x71ccd4f43380>]}
[0m15:35:20.796551 [info ] [MainThread]: dbt version: 1.7.20
[0m15:35:20.796941 [info ] [MainThread]: python version: 3.12.3
[0m15:35:20.797311 [info ] [MainThread]: python path: /home/democratabi/olist_platform/.venv/bin/python3
[0m15:35:20.797661 [info ] [MainThread]: os info: Linux-6.18.33.2-microsoft-standard-WSL2-x86_64-with-glibc2.39
[0m15:35:20.967495 [info ] [MainThread]: Using profiles dir at /home/democratabi/olist_platform/include/dbt
[0m15:35:20.968343 [info ] [MainThread]: Using profiles.yml file at /home/democratabi/olist_platform/include/dbt/profiles.yml
[0m15:35:20.968932 [info ] [MainThread]: Using dbt_project.yml file at /home/democratabi/olist_platform/include/dbt/dbt_project.yml
[0m15:35:20.969784 [info ] [MainThread]: adapter type: mysql
[0m15:35:20.970396 [info ] [MainThread]: adapter version: 1.7.0
[0m15:35:21.122561 [info ] [MainThread]: Configuration:
[0m15:35:21.123532 [info ] [MainThread]:   profiles.yml file [[32mOK found and valid[0m]
[0m15:35:21.124257 [info ] [MainThread]:   dbt_project.yml file [[32mOK found and valid[0m]
[0m15:35:21.125602 [info ] [MainThread]: Required dependencies:
[0m15:35:21.126384 [debug] [MainThread]: Executing "git --help"
[0m15:35:21.129253 [debug] [MainThread]: STDOUT: "b"usage: git [-v | --version] [-h | --help] [-C <path>] [-c <name>=<value>]\n           [--exec-path[=<path>]] [--html-path] [--man-path] [--info-path]\n           [-p | --paginate | -P | --no-pager] [--no-replace-objects] [--bare]\n           [--git-dir=<path>] [--work-tree=<path>] [--namespace=<name>]\n           [--config-env=<name>=<envvar>] <command> [<args>]\n\nThese are common Git commands used in various situations:\n\nstart a working area (see also: git help tutorial)\n   clone     Clone a repository into a new directory\n   init      Create an empty Git repository or reinitialize an existing one\n\nwork on the current change (see also: git help everyday)\n   add       Add file contents to the index\n   mv        Move or rename a file, a directory, or a symlink\n   restore   Restore working tree files\n   rm        Remove files from the working tree and from the index\n\nexamine the history and state (see also: git help revisions)\n   bisect    Use binary search to find the commit that introduced a bug\n   diff      Show changes between commits, commit and working tree, etc\n   grep      Print lines matching a pattern\n   log       Show commit logs\n   show      Show various types of objects\n   status    Show the working tree status\n\ngrow, mark and tweak your common history\n   branch    List, create, or delete branches\n   commit    Record changes to the repository\n   merge     Join two or more development histories together\n   rebase    Reapply commits on top of another base tip\n   reset     Reset current HEAD to the specified state\n   switch    Switch branches\n   tag       Create, list, delete or verify a tag object signed with GPG\n\ncollaborate (see also: git help workflows)\n   fetch     Download objects and refs from another repository\n   pull      Fetch from and integrate with another repository or a local branch\n   push      Update remote refs along with associated objects\n\n'git help -a' and 'git help -g' list available subcommands and some\nconcept guides. See 'git help <command>' or 'git help <concept>'\nto read about a specific subcommand or concept.\nSee 'git help git' for an overview of the system.\n""
[0m15:35:21.130123 [debug] [MainThread]: STDERR: "b''"
[0m15:35:21.130899 [info ] [MainThread]:  - git [[32mOK found[0m]

[0m15:35:21.131720 [info ] [MainThread]: Connection:
[0m15:35:21.132589 [info ] [MainThread]:   server: localhost
[0m15:35:21.133350 [info ] [MainThread]:   unix_socket: None
[0m15:35:21.134017 [info ] [MainThread]:   port: 3306
[0m15:35:21.134712 [info ] [MainThread]:   database: None
[0m15:35:21.135323 [info ] [MainThread]:   schema: analytics
[0m15:35:21.135965 [info ] [MainThread]:   user: warehouse
[0m15:35:21.136801 [info ] [MainThread]: Registered adapter: mysql=1.7.0
[0m15:35:21.137964 [debug] [MainThread]: Acquiring new mysql connection 'debug'
[0m15:35:21.138900 [debug] [MainThread]: Using mysql connection "debug"
[0m15:35:21.139902 [debug] [MainThread]: On debug: select 1 as id
[0m15:35:21.140637 [debug] [MainThread]: Opening a new connection, currently in state init
[0m15:35:21.272379 [debug] [MainThread]: mysql adapter: Failed connection without supplying the `database`. Trying again with `database` included.
[0m15:35:21.372704 [debug] [MainThread]: mysql adapter: Got an error when attempting to open a mysql connection: '1045 (28000): Access denied for user 'warehouse'@'172.18.0.1' (using password: YES)'
[0m15:35:21.373409 [debug] [MainThread]: mysql adapter: Error running SQL: select 1 as id
[0m15:35:21.373832 [debug] [MainThread]: mysql adapter: Rolling back transaction.
[0m15:35:21.374288 [debug] [MainThread]: On debug: No close available on handle
[0m15:35:21.378282 [info ] [MainThread]:   Connection test: [[31mERROR[0m]

[0m15:35:21.379156 [info ] [MainThread]: [31m1 check failed:[0m
[0m15:35:21.379739 [info ] [MainThread]: dbt was unable to connect to the specified database.
The database returned the following error:

  >Database Error
  1045 (28000): Access denied for user 'warehouse'@'172.18.0.1' (using password: YES)

Check your database credentials and try again. For more information, visit:
https://docs.getdbt.com/docs/configure-your-profile


[0m15:35:21.380517 [debug] [MainThread]: Resource report: {"command_name": "debug", "command_wall_clock_time": 0.663145, "process_user_time": 2.484172, "process_kernel_time": 0.134078, "process_mem_max_rss": "113280", "process_out_blocks": "16", "command_success": false, "process_in_blocks": "0"}
[0m15:35:21.381356 [debug] [MainThread]: Command `dbt debug` failed at 15:35:21.381109 after 0.66 seconds
[0m15:35:21.381933 [debug] [MainThread]: Connection 'debug' was properly closed.
[0m15:35:21.382423 [debug] [MainThread]: Sending event: {'category': 'dbt', 'action': 'invocation', 'label': 'end', 'context': [<snowplow_tracker.self_describing_json.SelfDescribingJson object at 0x71ccd4f43380>, <snowplow_tracker.self_describing_json.SelfDescribingJson object at 0x71cccfd92d80>, <snowplow_tracker.self_describing_json.SelfDescribingJson object at 0x71cccfe7b380>]}
[0m15:35:21.382957 [debug] [MainThread]: Flushing usage events
[0m15:41:00.295093 [debug] [MainThread]: Sending event: {'category': 'dbt', 'action': 'invocation', 'label': 'start', 'context': [<snowplow_tracker.self_describing_json.SelfDescribingJson object at 0x745021cb5c70>, <snowplow_tracker.self_describing_json.SelfDescribingJson object at 0x74502233ba40>, <snowplow_tracker.self_describing_json.SelfDescribingJson object at 0x7450220565d0>]}


============================== 15:41:00.297732 | d027d426-81ba-4c0a-8014-44ccf2adf2bb ==============================
[0m15:41:00.297732 [info ] [MainThread]: Running with dbt=1.7.20
[0m15:41:00.298547 [debug] [MainThread]: running dbt with arguments {'printer_width': '80', 'indirect_selection': 'eager', 'write_json': 'True', 'log_cache_events': 'False', 'partial_parse': 'True', 'cache_selected_only': 'False', 'profiles_dir': '/home/democratabi/olist_platform/include/dbt', 'version_check': 'True', 'warn_error': 'None', 'log_path': '/home/democratabi/olist_platform/include/dbt/logs', 'debug': 'False', 'fail_fast': 'False', 'use_colors': 'True', 'use_experimental_parser': 'False', 'no_print': 'None', 'quiet': 'False', 'warn_error_options': 'WarnErrorOptions(include=[], exclude=[])', 'invocation_command': 'dbt debug', 'log_format': 'default', 'static_parser': 'True', 'target_path': 'None', 'introspect': 'True', 'send_anonymous_usage_stats': 'True'}
[0m15:41:00.298995 [info ] [MainThread]: This version of dbt is deprecated and no longer receives regular patches, including for known bugs. We recommend upgrading to a newer supported version of dbt: https://docs.getdbt.com/docs/dbt-versions
[0m15:41:00.299404 [debug] [MainThread]: Sending event: {'category': 'dbt', 'action': 'deprecated_version_invocation', 'label': 'd027d426-81ba-4c0a-8014-44ccf2adf2bb', 'context': [<snowplow_tracker.self_describing_json.SelfDescribingJson object at 0x74502209be00>]}
[0m15:41:00.299975 [info ] [MainThread]: dbt version: 1.7.20
[0m15:41:00.300410 [info ] [MainThread]: python version: 3.12.3
[0m15:41:00.300802 [info ] [MainThread]: python path: /home/democratabi/olist_platform/.venv/bin/python3
[0m15:41:00.301223 [info ] [MainThread]: os info: Linux-6.18.33.2-microsoft-standard-WSL2-x86_64-with-glibc2.39
[0m15:41:00.489483 [info ] [MainThread]: Using profiles dir at /home/democratabi/olist_platform/include/dbt
[0m15:41:00.490094 [info ] [MainThread]: Using profiles.yml file at /home/democratabi/olist_platform/include/dbt/profiles.yml
[0m15:41:00.490604 [info ] [MainThread]: Using dbt_project.yml file at /home/democratabi/olist_platform/include/dbt/dbt_project.yml
[0m15:41:00.491235 [info ] [MainThread]: adapter type: mysql
[0m15:41:00.491694 [info ] [MainThread]: adapter version: 1.7.0
[0m15:41:00.616056 [info ] [MainThread]: Configuration:
[0m15:41:00.616602 [info ] [MainThread]:   profiles.yml file [[32mOK found and valid[0m]
[0m15:41:00.617027 [info ] [MainThread]:   dbt_project.yml file [[32mOK found and valid[0m]
[0m15:41:00.617421 [info ] [MainThread]: Required dependencies:
[0m15:41:00.617814 [debug] [MainThread]: Executing "git --help"
[0m15:41:00.619643 [debug] [MainThread]: STDOUT: "b"usage: git [-v | --version] [-h | --help] [-C <path>] [-c <name>=<value>]\n           [--exec-path[=<path>]] [--html-path] [--man-path] [--info-path]\n           [-p | --paginate | -P | --no-pager] [--no-replace-objects] [--bare]\n           [--git-dir=<path>] [--work-tree=<path>] [--namespace=<name>]\n           [--config-env=<name>=<envvar>] <command> [<args>]\n\nThese are common Git commands used in various situations:\n\nstart a working area (see also: git help tutorial)\n   clone     Clone a repository into a new directory\n   init      Create an empty Git repository or reinitialize an existing one\n\nwork on the current change (see also: git help everyday)\n   add       Add file contents to the index\n   mv        Move or rename a file, a directory, or a symlink\n   restore   Restore working tree files\n   rm        Remove files from the working tree and from the index\n\nexamine the history and state (see also: git help revisions)\n   bisect    Use binary search to find the commit that introduced a bug\n   diff      Show changes between commits, commit and working tree, etc\n   grep      Print lines matching a pattern\n   log       Show commit logs\n   show      Show various types of objects\n   status    Show the working tree status\n\ngrow, mark and tweak your common history\n   branch    List, create, or delete branches\n   commit    Record changes to the repository\n   merge     Join two or more development histories together\n   rebase    Reapply commits on top of another base tip\n   reset     Reset current HEAD to the specified state\n   switch    Switch branches\n   tag       Create, list, delete or verify a tag object signed with GPG\n\ncollaborate (see also: git help workflows)\n   fetch     Download objects and refs from another repository\n   pull      Fetch from and integrate with another repository or a local branch\n   push      Update remote refs along with associated objects\n\n'git help -a' and 'git help -g' list available subcommands and some\nconcept guides. See 'git help <command>' or 'git help <concept>'\nto read about a specific subcommand or concept.\nSee 'git help git' for an overview of the system.\n""
[0m15:41:00.620114 [debug] [MainThread]: STDERR: "b''"
[0m15:41:00.620436 [info ] [MainThread]:  - git [[32mOK found[0m]

[0m15:41:00.620792 [info ] [MainThread]: Connection:
[0m15:41:00.621155 [info ] [MainThread]:   server: localhost
[0m15:41:00.621512 [info ] [MainThread]:   unix_socket: None
[0m15:41:00.621825 [info ] [MainThread]:   port: 3306
[0m15:41:00.622190 [info ] [MainThread]:   database: None
[0m15:41:00.622598 [info ] [MainThread]:   schema: analytics
[0m15:41:00.623155 [info ] [MainThread]:   user: warehouse
[0m15:41:00.623856 [info ] [MainThread]: Registered adapter: mysql=1.7.0
[0m15:41:00.624818 [debug] [MainThread]: Acquiring new mysql connection 'debug'
[0m15:41:00.625298 [debug] [MainThread]: Using mysql connection "debug"
[0m15:41:00.625762 [debug] [MainThread]: On debug: select 1 as id
[0m15:41:00.626212 [debug] [MainThread]: Opening a new connection, currently in state init
[0m15:41:00.694361 [debug] [MainThread]: mysql adapter: Failed connection without supplying the `database`. Trying again with `database` included.
[0m15:41:00.743504 [debug] [MainThread]: mysql adapter: Got an error when attempting to open a mysql connection: '1045 (28000): Access denied for user 'warehouse'@'172.18.0.1' (using password: YES)'
[0m15:41:00.744095 [debug] [MainThread]: mysql adapter: Error running SQL: select 1 as id
[0m15:41:00.744460 [debug] [MainThread]: mysql adapter: Rolling back transaction.
[0m15:41:00.744813 [debug] [MainThread]: On debug: No close available on handle
[0m15:41:00.747058 [info ] [MainThread]:   Connection test: [[31mERROR[0m]

[0m15:41:00.747550 [info ] [MainThread]: [31m1 check failed:[0m
[0m15:41:00.747972 [info ] [MainThread]: dbt was unable to connect to the specified database.
The database returned the following error:

  >Database Error
  1045 (28000): Access denied for user 'warehouse'@'172.18.0.1' (using password: YES)

Check your database credentials and try again. For more information, visit:
https://docs.getdbt.com/docs/configure-your-profile


[0m15:41:00.748557 [debug] [MainThread]: Resource report: {"command_name": "debug", "command_wall_clock_time": 0.53730726, "process_user_time": 2.673356, "process_kernel_time": 0.284321, "process_mem_max_rss": "112908", "process_out_blocks": "16", "command_success": false, "process_in_blocks": "0"}
[0m15:41:00.749066 [debug] [MainThread]: Command `dbt debug` failed at 15:41:00.748916 after 0.54 seconds
[0m15:41:00.749420 [debug] [MainThread]: Connection 'debug' was properly closed.
[0m15:41:00.749812 [debug] [MainThread]: Sending event: {'category': 'dbt', 'action': 'invocation', 'label': 'end', 'context': [<snowplow_tracker.self_describing_json.SelfDescribingJson object at 0x74502209be00>, <snowplow_tracker.self_describing_json.SelfDescribingJson object at 0x74502178a450>, <snowplow_tracker.self_describing_json.SelfDescribingJson object at 0x745021b12810>]}
[0m15:41:00.750212 [debug] [MainThread]: Flushing usage events
[0m15:43:31.168180 [debug] [MainThread]: Sending event: {'category': 'dbt', 'action': 'invocation', 'label': 'start', 'context': [<snowplow_tracker.self_describing_json.SelfDescribingJson object at 0x7b1c81b9c170>, <snowplow_tracker.self_describing_json.SelfDescribingJson object at 0x7b1c83c366f0>, <snowplow_tracker.self_describing_json.SelfDescribingJson object at 0x7b1c82cc9520>]}


============================== 15:43:31.170927 | 77596fc7-9420-4d74-94aa-920169d686b7 ==============================
[0m15:43:31.170927 [info ] [MainThread]: Running with dbt=1.7.20
[0m15:43:31.171606 [debug] [MainThread]: running dbt with arguments {'printer_width': '80', 'indirect_selection': 'eager', 'write_json': 'True', 'log_cache_events': 'False', 'partial_parse': 'True', 'cache_selected_only': 'False', 'warn_error': 'None', 'version_check': 'True', 'fail_fast': 'False', 'log_path': '/home/democratabi/olist_platform/include/dbt/logs', 'debug': 'False', 'profiles_dir': '/home/democratabi/olist_platform/include/dbt', 'use_colors': 'True', 'use_experimental_parser': 'False', 'no_print': 'None', 'quiet': 'False', 'log_format': 'default', 'invocation_command': 'dbt debug', 'static_parser': 'True', 'introspect': 'True', 'target_path': 'None', 'warn_error_options': 'WarnErrorOptions(include=[], exclude=[])', 'send_anonymous_usage_stats': 'True'}
[0m15:43:31.172025 [info ] [MainThread]: This version of dbt is deprecated and no longer receives regular patches, including for known bugs. We recommend upgrading to a newer supported version of dbt: https://docs.getdbt.com/docs/dbt-versions
[0m15:43:31.172435 [debug] [MainThread]: Sending event: {'category': 'dbt', 'action': 'deprecated_version_invocation', 'label': '77596fc7-9420-4d74-94aa-920169d686b7', 'context': [<snowplow_tracker.self_describing_json.SelfDescribingJson object at 0x7b1c829d7cb0>]}
[0m15:43:31.172990 [info ] [MainThread]: dbt version: 1.7.20
[0m15:43:31.173417 [info ] [MainThread]: python version: 3.12.3
[0m15:43:31.173794 [info ] [MainThread]: python path: /home/democratabi/olist_platform/.venv/bin/python3
[0m15:43:31.174142 [info ] [MainThread]: os info: Linux-6.18.33.2-microsoft-standard-WSL2-x86_64-with-glibc2.39
[0m15:43:31.332519 [info ] [MainThread]: Using profiles dir at /home/democratabi/olist_platform/include/dbt
[0m15:43:31.333137 [info ] [MainThread]: Using profiles.yml file at /home/democratabi/olist_platform/include/dbt/profiles.yml
[0m15:43:31.333585 [info ] [MainThread]: Using dbt_project.yml file at /home/democratabi/olist_platform/include/dbt/dbt_project.yml
[0m15:43:31.334171 [info ] [MainThread]: adapter type: mysql
[0m15:43:31.334521 [info ] [MainThread]: adapter version: 1.7.0
[0m15:43:31.520159 [info ] [MainThread]: Configuration:
[0m15:43:31.520801 [info ] [MainThread]:   profiles.yml file [[32mOK found and valid[0m]
[0m15:43:31.521228 [info ] [MainThread]:   dbt_project.yml file [[32mOK found and valid[0m]
[0m15:43:31.521610 [info ] [MainThread]: Required dependencies:
[0m15:43:31.521996 [debug] [MainThread]: Executing "git --help"
[0m15:43:31.524180 [debug] [MainThread]: STDOUT: "b"usage: git [-v | --version] [-h | --help] [-C <path>] [-c <name>=<value>]\n           [--exec-path[=<path>]] [--html-path] [--man-path] [--info-path]\n           [-p | --paginate | -P | --no-pager] [--no-replace-objects] [--bare]\n           [--git-dir=<path>] [--work-tree=<path>] [--namespace=<name>]\n           [--config-env=<name>=<envvar>] <command> [<args>]\n\nThese are common Git commands used in various situations:\n\nstart a working area (see also: git help tutorial)\n   clone     Clone a repository into a new directory\n   init      Create an empty Git repository or reinitialize an existing one\n\nwork on the current change (see also: git help everyday)\n   add       Add file contents to the index\n   mv        Move or rename a file, a directory, or a symlink\n   restore   Restore working tree files\n   rm        Remove files from the working tree and from the index\n\nexamine the history and state (see also: git help revisions)\n   bisect    Use binary search to find the commit that introduced a bug\n   diff      Show changes between commits, commit and working tree, etc\n   grep      Print lines matching a pattern\n   log       Show commit logs\n   show      Show various types of objects\n   status    Show the working tree status\n\ngrow, mark and tweak your common history\n   branch    List, create, or delete branches\n   commit    Record changes to the repository\n   merge     Join two or more development histories together\n   rebase    Reapply commits on top of another base tip\n   reset     Reset current HEAD to the specified state\n   switch    Switch branches\n   tag       Create, list, delete or verify a tag object signed with GPG\n\ncollaborate (see also: git help workflows)\n   fetch     Download objects and refs from another repository\n   pull      Fetch from and integrate with another repository or a local branch\n   push      Update remote refs along with associated objects\n\n'git help -a' and 'git help -g' list available subcommands and some\nconcept guides. See 'git help <command>' or 'git help <concept>'\nto read about a specific subcommand or concept.\nSee 'git help git' for an overview of the system.\n""
[0m15:43:31.524669 [debug] [MainThread]: STDERR: "b''"
[0m15:43:31.525002 [info ] [MainThread]:  - git [[32mOK found[0m]

[0m15:43:31.525368 [info ] [MainThread]: Connection:
[0m15:43:31.525772 [info ] [MainThread]:   server: localhost
[0m15:43:31.526135 [info ] [MainThread]:   unix_socket: None
[0m15:43:31.526535 [info ] [MainThread]:   port: 3306
[0m15:43:31.527150 [info ] [MainThread]:   database: None
[0m15:43:31.527860 [info ] [MainThread]:   schema: raw
[0m15:43:31.528474 [info ] [MainThread]:   user: warehouse
[0m15:43:31.529031 [info ] [MainThread]: Registered adapter: mysql=1.7.0
[0m15:43:31.529837 [debug] [MainThread]: Acquiring new mysql connection 'debug'
[0m15:43:31.530280 [debug] [MainThread]: Using mysql connection "debug"
[0m15:43:31.530678 [debug] [MainThread]: On debug: select 1 as id
[0m15:43:31.531064 [debug] [MainThread]: Opening a new connection, currently in state init
[0m15:43:31.612190 [debug] [MainThread]: mysql adapter: Failed connection without supplying the `database`. Trying again with `database` included.
[0m15:43:31.672545 [debug] [MainThread]: mysql adapter: Got an error when attempting to open a mysql connection: '1045 (28000): Access denied for user 'warehouse'@'172.18.0.1' (using password: YES)'
[0m15:43:31.673539 [debug] [MainThread]: mysql adapter: Error running SQL: select 1 as id
[0m15:43:31.674099 [debug] [MainThread]: mysql adapter: Rolling back transaction.
[0m15:43:31.674605 [debug] [MainThread]: On debug: No close available on handle
[0m15:43:31.677909 [info ] [MainThread]:   Connection test: [[31mERROR[0m]

[0m15:43:31.678904 [info ] [MainThread]: [31m1 check failed:[0m
[0m15:43:31.679568 [info ] [MainThread]: dbt was unable to connect to the specified database.
The database returned the following error:

  >Database Error
  1045 (28000): Access denied for user 'warehouse'@'172.18.0.1' (using password: YES)

Check your database credentials and try again. For more information, visit:
https://docs.getdbt.com/docs/configure-your-profile


[0m15:43:31.680201 [debug] [MainThread]: Resource report: {"command_name": "debug", "command_wall_clock_time": 0.5838264, "process_user_time": 2.469422, "process_kernel_time": 0.173425, "process_mem_max_rss": "112884", "process_out_blocks": "16", "command_success": false, "process_in_blocks": "0"}
[0m15:43:31.680928 [debug] [MainThread]: Command `dbt debug` failed at 15:43:31.680680 after 0.58 seconds
[0m15:43:31.681606 [debug] [MainThread]: Connection 'debug' was properly closed.
[0m15:43:31.682078 [debug] [MainThread]: Sending event: {'category': 'dbt', 'action': 'invocation', 'label': 'end', 'context': [<snowplow_tracker.self_describing_json.SelfDescribingJson object at 0x7b1c829d7cb0>, <snowplow_tracker.self_describing_json.SelfDescribingJson object at 0x7b1c8162d040>, <snowplow_tracker.self_describing_json.SelfDescribingJson object at 0x7b1c81b72d20>]}
[0m15:43:31.682575 [debug] [MainThread]: Flushing usage events
[0m15:43:51.619681 [debug] [MainThread]: Sending event: {'category': 'dbt', 'action': 'invocation', 'label': 'start', 'context': [<snowplow_tracker.self_describing_json.SelfDescribingJson object at 0x7e665aaa16a0>, <snowplow_tracker.self_describing_json.SelfDescribingJson object at 0x7e665b8e3a40>, <snowplow_tracker.self_describing_json.SelfDescribingJson object at 0x7e665aaa0d10>]}


============================== 15:43:51.623277 | a10cac90-696d-48ff-96c2-4e1f35453bd8 ==============================
[0m15:43:51.623277 [info ] [MainThread]: Running with dbt=1.7.20
[0m15:43:51.623931 [debug] [MainThread]: running dbt with arguments {'printer_width': '80', 'indirect_selection': 'eager', 'log_cache_events': 'False', 'write_json': 'True', 'partial_parse': 'True', 'cache_selected_only': 'False', 'profiles_dir': '/home/democratabi/olist_platform/include/dbt', 'version_check': 'True', 'fail_fast': 'False', 'log_path': '/home/democratabi/olist_platform/include/dbt/logs', 'warn_error': 'None', 'debug': 'False', 'use_colors': 'True', 'use_experimental_parser': 'False', 'no_print': 'None', 'quiet': 'False', 'log_format': 'default', 'invocation_command': 'dbt debug', 'introspect': 'True', 'static_parser': 'True', 'target_path': 'None', 'warn_error_options': 'WarnErrorOptions(include=[], exclude=[])', 'send_anonymous_usage_stats': 'True'}
[0m15:43:51.624353 [info ] [MainThread]: This version of dbt is deprecated and no longer receives regular patches, including for known bugs. We recommend upgrading to a newer supported version of dbt: https://docs.getdbt.com/docs/dbt-versions
[0m15:43:51.624781 [debug] [MainThread]: Sending event: {'category': 'dbt', 'action': 'deprecated_version_invocation', 'label': 'a10cac90-696d-48ff-96c2-4e1f35453bd8', 'context': [<snowplow_tracker.self_describing_json.SelfDescribingJson object at 0x7e665b8e3a40>]}
[0m15:43:51.625298 [info ] [MainThread]: dbt version: 1.7.20
[0m15:43:51.625739 [info ] [MainThread]: python version: 3.12.3
[0m15:43:51.626116 [info ] [MainThread]: python path: /home/democratabi/olist_platform/.venv/bin/python3
[0m15:43:51.626459 [info ] [MainThread]: os info: Linux-6.18.33.2-microsoft-standard-WSL2-x86_64-with-glibc2.39
[0m15:43:51.786420 [info ] [MainThread]: Using profiles dir at /home/democratabi/olist_platform/include/dbt
[0m15:43:51.786992 [info ] [MainThread]: Using profiles.yml file at /home/democratabi/olist_platform/include/dbt/profiles.yml
[0m15:43:51.787511 [info ] [MainThread]: Using dbt_project.yml file at /home/democratabi/olist_platform/include/dbt/dbt_project.yml
[0m15:43:51.788158 [info ] [MainThread]: adapter type: mysql
[0m15:43:51.788510 [info ] [MainThread]: adapter version: 1.7.0
[0m15:43:51.906265 [info ] [MainThread]: Configuration:
[0m15:43:51.906838 [info ] [MainThread]:   profiles.yml file [[32mOK found and valid[0m]
[0m15:43:51.907287 [info ] [MainThread]:   dbt_project.yml file [[32mOK found and valid[0m]
[0m15:43:51.907644 [info ] [MainThread]: Required dependencies:
[0m15:43:51.908015 [debug] [MainThread]: Executing "git --help"
[0m15:43:51.909795 [debug] [MainThread]: STDOUT: "b"usage: git [-v | --version] [-h | --help] [-C <path>] [-c <name>=<value>]\n           [--exec-path[=<path>]] [--html-path] [--man-path] [--info-path]\n           [-p | --paginate | -P | --no-pager] [--no-replace-objects] [--bare]\n           [--git-dir=<path>] [--work-tree=<path>] [--namespace=<name>]\n           [--config-env=<name>=<envvar>] <command> [<args>]\n\nThese are common Git commands used in various situations:\n\nstart a working area (see also: git help tutorial)\n   clone     Clone a repository into a new directory\n   init      Create an empty Git repository or reinitialize an existing one\n\nwork on the current change (see also: git help everyday)\n   add       Add file contents to the index\n   mv        Move or rename a file, a directory, or a symlink\n   restore   Restore working tree files\n   rm        Remove files from the working tree and from the index\n\nexamine the history and state (see also: git help revisions)\n   bisect    Use binary search to find the commit that introduced a bug\n   diff      Show changes between commits, commit and working tree, etc\n   grep      Print lines matching a pattern\n   log       Show commit logs\n   show      Show various types of objects\n   status    Show the working tree status\n\ngrow, mark and tweak your common history\n   branch    List, create, or delete branches\n   commit    Record changes to the repository\n   merge     Join two or more development histories together\n   rebase    Reapply commits on top of another base tip\n   reset     Reset current HEAD to the specified state\n   switch    Switch branches\n   tag       Create, list, delete or verify a tag object signed with GPG\n\ncollaborate (see also: git help workflows)\n   fetch     Download objects and refs from another repository\n   pull      Fetch from and integrate with another repository or a local branch\n   push      Update remote refs along with associated objects\n\n'git help -a' and 'git help -g' list available subcommands and some\nconcept guides. See 'git help <command>' or 'git help <concept>'\nto read about a specific subcommand or concept.\nSee 'git help git' for an overview of the system.\n""
[0m15:43:51.910229 [debug] [MainThread]: STDERR: "b''"
[0m15:43:51.910596 [info ] [MainThread]:  - git [[32mOK found[0m]

[0m15:43:51.910972 [info ] [MainThread]: Connection:
[0m15:43:51.911307 [info ] [MainThread]:   server: localhost
[0m15:43:51.911627 [info ] [MainThread]:   unix_socket: None
[0m15:43:51.911914 [info ] [MainThread]:   port: 3306
[0m15:43:51.912222 [info ] [MainThread]:   database: None
[0m15:43:51.912523 [info ] [MainThread]:   schema: 
[0m15:43:51.912848 [info ] [MainThread]:   user: warehouse
[0m15:43:51.913253 [info ] [MainThread]: Registered adapter: mysql=1.7.0
[0m15:43:51.913969 [debug] [MainThread]: Acquiring new mysql connection 'debug'
[0m15:43:51.914413 [debug] [MainThread]: Using mysql connection "debug"
[0m15:43:51.914922 [debug] [MainThread]: On debug: select 1 as id
[0m15:43:51.915311 [debug] [MainThread]: Opening a new connection, currently in state init
[0m15:43:51.988935 [debug] [MainThread]: mysql adapter: Failed connection without supplying the `database`. Trying again with `database` included.
[0m15:43:52.065338 [debug] [MainThread]: mysql adapter: Got an error when attempting to open a mysql connection: '1045 (28000): Access denied for user 'warehouse'@'172.18.0.1' (using password: YES)'
[0m15:43:52.066032 [debug] [MainThread]: mysql adapter: Error running SQL: select 1 as id
[0m15:43:52.066569 [debug] [MainThread]: mysql adapter: Rolling back transaction.
[0m15:43:52.067066 [debug] [MainThread]: On debug: No close available on handle
[0m15:43:52.069254 [info ] [MainThread]:   Connection test: [[31mERROR[0m]

[0m15:43:52.069749 [info ] [MainThread]: [31m1 check failed:[0m
[0m15:43:52.070110 [info ] [MainThread]: dbt was unable to connect to the specified database.
The database returned the following error:

  >Database Error
  1045 (28000): Access denied for user 'warehouse'@'172.18.0.1' (using password: YES)

Check your database credentials and try again. For more information, visit:
https://docs.getdbt.com/docs/configure-your-profile


[0m15:43:52.070721 [debug] [MainThread]: Resource report: {"command_name": "debug", "command_wall_clock_time": 0.5101845, "process_user_time": 2.466712, "process_kernel_time": 0.157689, "process_mem_max_rss": "113208", "process_out_blocks": "8", "command_success": false, "process_in_blocks": "0"}
[0m15:43:52.071298 [debug] [MainThread]: Command `dbt debug` failed at 15:43:52.071149 after 0.51 seconds
[0m15:43:52.071697 [debug] [MainThread]: Connection 'debug' was properly closed.
[0m15:43:52.072093 [debug] [MainThread]: Sending event: {'category': 'dbt', 'action': 'invocation', 'label': 'end', 'context': [<snowplow_tracker.self_describing_json.SelfDescribingJson object at 0x7e665b8e3a40>, <snowplow_tracker.self_describing_json.SelfDescribingJson object at 0x7e665a836990>, <snowplow_tracker.self_describing_json.SelfDescribingJson object at 0x7e665a5bfce0>]}
[0m15:43:52.072503 [debug] [MainThread]: Flushing usage events
[0m15:44:04.476429 [debug] [MainThread]: Sending event: {'category': 'dbt', 'action': 'invocation', 'label': 'start', 'context': [<snowplow_tracker.self_describing_json.SelfDescribingJson object at 0x7ef9b78755b0>, <snowplow_tracker.self_describing_json.SelfDescribingJson object at 0x7ef9b7935af0>, <snowplow_tracker.self_describing_json.SelfDescribingJson object at 0x7ef9b85454c0>]}


============================== 15:44:04.479287 | 0b491466-d8fe-49ce-83b0-3599de90fe8e ==============================
[0m15:44:04.479287 [info ] [MainThread]: Running with dbt=1.7.20
[0m15:44:04.479876 [debug] [MainThread]: running dbt with arguments {'printer_width': '80', 'indirect_selection': 'eager', 'log_cache_events': 'False', 'write_json': 'True', 'partial_parse': 'True', 'cache_selected_only': 'False', 'warn_error': 'None', 'fail_fast': 'False', 'debug': 'False', 'log_path': '/home/democratabi/olist_platform/include/dbt/logs', 'version_check': 'True', 'profiles_dir': '/home/democratabi/olist_platform/include/dbt', 'use_colors': 'True', 'use_experimental_parser': 'False', 'no_print': 'None', 'quiet': 'False', 'warn_error_options': 'WarnErrorOptions(include=[], exclude=[])', 'static_parser': 'True', 'invocation_command': 'dbt debug', 'introspect': 'True', 'target_path': 'None', 'log_format': 'default', 'send_anonymous_usage_stats': 'True'}
[0m15:44:04.480235 [info ] [MainThread]: This version of dbt is deprecated and no longer receives regular patches, including for known bugs. We recommend upgrading to a newer supported version of dbt: https://docs.getdbt.com/docs/dbt-versions
[0m15:44:04.480647 [debug] [MainThread]: Sending event: {'category': 'dbt', 'action': 'deprecated_version_invocation', 'label': '0b491466-d8fe-49ce-83b0-3599de90fe8e', 'context': [<snowplow_tracker.self_describing_json.SelfDescribingJson object at 0x7ef9b85454c0>]}
[0m15:44:04.481187 [info ] [MainThread]: dbt version: 1.7.20
[0m15:44:04.481587 [info ] [MainThread]: python version: 3.12.3
[0m15:44:04.482008 [info ] [MainThread]: python path: /home/democratabi/olist_platform/.venv/bin/python3
[0m15:44:04.482619 [info ] [MainThread]: os info: Linux-6.18.33.2-microsoft-standard-WSL2-x86_64-with-glibc2.39
[0m15:44:04.625251 [info ] [MainThread]: Using profiles dir at /home/democratabi/olist_platform/include/dbt
[0m15:44:04.625778 [info ] [MainThread]: Using profiles.yml file at /home/democratabi/olist_platform/include/dbt/profiles.yml
[0m15:44:04.626193 [info ] [MainThread]: Using dbt_project.yml file at /home/democratabi/olist_platform/include/dbt/dbt_project.yml
[0m15:44:04.626718 [info ] [MainThread]: adapter type: mysql
[0m15:44:04.627115 [info ] [MainThread]: adapter version: 1.7.0
[0m15:44:04.765724 [info ] [MainThread]: Configuration:
[0m15:44:04.766407 [info ] [MainThread]:   profiles.yml file [[32mOK found and valid[0m]
[0m15:44:04.766885 [info ] [MainThread]:   dbt_project.yml file [[32mOK found and valid[0m]
[0m15:44:04.767309 [info ] [MainThread]: Required dependencies:
[0m15:44:04.767749 [debug] [MainThread]: Executing "git --help"
[0m15:44:04.769732 [debug] [MainThread]: STDOUT: "b"usage: git [-v | --version] [-h | --help] [-C <path>] [-c <name>=<value>]\n           [--exec-path[=<path>]] [--html-path] [--man-path] [--info-path]\n           [-p | --paginate | -P | --no-pager] [--no-replace-objects] [--bare]\n           [--git-dir=<path>] [--work-tree=<path>] [--namespace=<name>]\n           [--config-env=<name>=<envvar>] <command> [<args>]\n\nThese are common Git commands used in various situations:\n\nstart a working area (see also: git help tutorial)\n   clone     Clone a repository into a new directory\n   init      Create an empty Git repository or reinitialize an existing one\n\nwork on the current change (see also: git help everyday)\n   add       Add file contents to the index\n   mv        Move or rename a file, a directory, or a symlink\n   restore   Restore working tree files\n   rm        Remove files from the working tree and from the index\n\nexamine the history and state (see also: git help revisions)\n   bisect    Use binary search to find the commit that introduced a bug\n   diff      Show changes between commits, commit and working tree, etc\n   grep      Print lines matching a pattern\n   log       Show commit logs\n   show      Show various types of objects\n   status    Show the working tree status\n\ngrow, mark and tweak your common history\n   branch    List, create, or delete branches\n   commit    Record changes to the repository\n   merge     Join two or more development histories together\n   rebase    Reapply commits on top of another base tip\n   reset     Reset current HEAD to the specified state\n   switch    Switch branches\n   tag       Create, list, delete or verify a tag object signed with GPG\n\ncollaborate (see also: git help workflows)\n   fetch     Download objects and refs from another repository\n   pull      Fetch from and integrate with another repository or a local branch\n   push      Update remote refs along with associated objects\n\n'git help -a' and 'git help -g' list available subcommands and some\nconcept guides. See 'git help <command>' or 'git help <concept>'\nto read about a specific subcommand or concept.\nSee 'git help git' for an overview of the system.\n""
[0m15:44:04.770424 [debug] [MainThread]: STDERR: "b''"
[0m15:44:04.770787 [info ] [MainThread]:  - git [[32mOK found[0m]

[0m15:44:04.771246 [info ] [MainThread]: Connection:
[0m15:44:04.771745 [info ] [MainThread]:   server: localhost
[0m15:44:04.772186 [info ] [MainThread]:   unix_socket: None
[0m15:44:04.772594 [info ] [MainThread]:   port: 3306
[0m15:44:04.773029 [info ] [MainThread]:   database: None
[0m15:44:04.773512 [info ] [MainThread]:   schema: 
[0m15:44:04.773995 [info ] [MainThread]:   user: warehouse
[0m15:44:04.774550 [info ] [MainThread]: Registered adapter: mysql=1.7.0
[0m15:44:04.775761 [debug] [MainThread]: Acquiring new mysql connection 'debug'
[0m15:44:04.776540 [debug] [MainThread]: Using mysql connection "debug"
[0m15:44:04.777115 [debug] [MainThread]: On debug: select 1 as id
[0m15:44:04.777698 [debug] [MainThread]: Opening a new connection, currently in state init
[0m15:44:04.849809 [debug] [MainThread]: mysql adapter: Failed connection without supplying the `database`. Trying again with `database` included.
[0m15:44:04.907604 [debug] [MainThread]: mysql adapter: Got an error when attempting to open a mysql connection: '1045 (28000): Access denied for user 'warehouse'@'172.18.0.1' (using password: YES)'
[0m15:44:04.908640 [debug] [MainThread]: mysql adapter: Error running SQL: select 1 as id
[0m15:44:04.909257 [debug] [MainThread]: mysql adapter: Rolling back transaction.
[0m15:44:04.909756 [debug] [MainThread]: On debug: No close available on handle
[0m15:44:04.912157 [info ] [MainThread]:   Connection test: [[31mERROR[0m]

[0m15:44:04.912700 [info ] [MainThread]: [31m1 check failed:[0m
[0m15:44:04.913113 [info ] [MainThread]: dbt was unable to connect to the specified database.
The database returned the following error:

  >Database Error
  1045 (28000): Access denied for user 'warehouse'@'172.18.0.1' (using password: YES)

Check your database credentials and try again. For more information, visit:
https://docs.getdbt.com/docs/configure-your-profile


[0m15:44:04.913640 [debug] [MainThread]: Resource report: {"command_name": "debug", "command_wall_clock_time": 0.5184303, "process_user_time": 2.444954, "process_kernel_time": 0.112497, "process_mem_max_rss": "113188", "process_out_blocks": "24", "command_success": false, "process_in_blocks": "0"}
[0m15:44:04.914143 [debug] [MainThread]: Command `dbt debug` failed at 15:44:04.913990 after 0.52 seconds
[0m15:44:04.914567 [debug] [MainThread]: Connection 'debug' was properly closed.
[0m15:44:04.915015 [debug] [MainThread]: Sending event: {'category': 'dbt', 'action': 'invocation', 'label': 'end', 'context': [<snowplow_tracker.self_describing_json.SelfDescribingJson object at 0x7ef9b85454c0>, <snowplow_tracker.self_describing_json.SelfDescribingJson object at 0x7ef9b73d9c70>, <snowplow_tracker.self_describing_json.SelfDescribingJson object at 0x7ef9b77d0290>]}
[0m15:44:04.915457 [debug] [MainThread]: Flushing usage events
[0m15:44:45.443468 [debug] [MainThread]: Sending event: {'category': 'dbt', 'action': 'invocation', 'label': 'start', 'context': [<snowplow_tracker.self_describing_json.SelfDescribingJson object at 0x722ed358cad0>, <snowplow_tracker.self_describing_json.SelfDescribingJson object at 0x722ed358c9e0>, <snowplow_tracker.self_describing_json.SelfDescribingJson object at 0x722ed3d71520>]}


============================== 15:44:45.446514 | da8073b0-2d4b-4a30-b0a7-91c6982dd083 ==============================
[0m15:44:45.446514 [info ] [MainThread]: Running with dbt=1.7.20
[0m15:44:45.447120 [debug] [MainThread]: running dbt with arguments {'printer_width': '80', 'indirect_selection': 'eager', 'write_json': 'True', 'log_cache_events': 'False', 'partial_parse': 'True', 'cache_selected_only': 'False', 'profiles_dir': '/home/democratabi/olist_platform/include/dbt', 'debug': 'False', 'fail_fast': 'False', 'log_path': '/home/democratabi/olist_platform/include/dbt/logs', 'warn_error': 'None', 'version_check': 'True', 'use_colors': 'True', 'use_experimental_parser': 'False', 'no_print': 'None', 'quiet': 'False', 'warn_error_options': 'WarnErrorOptions(include=[], exclude=[])', 'introspect': 'True', 'invocation_command': 'dbt debug', 'log_format': 'default', 'target_path': 'None', 'static_parser': 'True', 'send_anonymous_usage_stats': 'True'}
[0m15:44:45.447513 [info ] [MainThread]: This version of dbt is deprecated and no longer receives regular patches, including for known bugs. We recommend upgrading to a newer supported version of dbt: https://docs.getdbt.com/docs/dbt-versions
[0m15:44:45.447935 [debug] [MainThread]: Sending event: {'category': 'dbt', 'action': 'deprecated_version_invocation', 'label': 'da8073b0-2d4b-4a30-b0a7-91c6982dd083', 'context': [<snowplow_tracker.self_describing_json.SelfDescribingJson object at 0x722ed3930200>]}
[0m15:44:45.448732 [info ] [MainThread]: dbt version: 1.7.20
[0m15:44:45.449266 [info ] [MainThread]: python version: 3.12.3
[0m15:44:45.449668 [info ] [MainThread]: python path: /home/democratabi/olist_platform/.venv/bin/python3
[0m15:44:45.450091 [info ] [MainThread]: os info: Linux-6.18.33.2-microsoft-standard-WSL2-x86_64-with-glibc2.39
[0m15:44:45.455378 [error] [MainThread]: Encountered an error:
Parsing Error
  Env var required but not provided: 'MYSQL_DATABASE'
[0m15:44:45.456565 [debug] [MainThread]: Resource report: {"command_name": "debug", "command_wall_clock_time": 0.081217684, "process_user_time": 2.055068, "process_kernel_time": 0.118064, "process_mem_max_rss": "99528", "process_out_blocks": "8", "command_success": false, "process_in_blocks": "0"}
[0m15:44:45.457201 [debug] [MainThread]: Command `dbt debug` failed at 15:44:45.457044 after 0.08 seconds
[0m15:44:45.457647 [debug] [MainThread]: Sending event: {'category': 'dbt', 'action': 'invocation', 'label': 'end', 'context': [<snowplow_tracker.self_describing_json.SelfDescribingJson object at 0x722ed3930200>, <snowplow_tracker.self_describing_json.SelfDescribingJson object at 0x722ed3678a70>, <snowplow_tracker.self_describing_json.SelfDescribingJson object at 0x722ed3566990>]}
[0m15:44:45.458192 [debug] [MainThread]: Flushing usage events
[0m15:45:32.503953 [debug] [MainThread]: Sending event: {'category': 'dbt', 'action': 'invocation', 'label': 'start', 'context': [<snowplow_tracker.self_describing_json.SelfDescribingJson object at 0x75fe42b902c0>, <snowplow_tracker.self_describing_json.SelfDescribingJson object at 0x75fe44cb6600>, <snowplow_tracker.self_describing_json.SelfDescribingJson object at 0x75fe43090530>]}


============================== 15:45:32.507623 | 891762ee-dfa3-4218-832e-a5d244851b93 ==============================
[0m15:45:32.507623 [info ] [MainThread]: Running with dbt=1.7.20
[0m15:45:32.508526 [debug] [MainThread]: running dbt with arguments {'printer_width': '80', 'indirect_selection': 'eager', 'write_json': 'True', 'log_cache_events': 'False', 'partial_parse': 'True', 'cache_selected_only': 'False', 'warn_error': 'None', 'version_check': 'True', 'profiles_dir': '/home/democratabi/olist_platform/include/dbt', 'log_path': '/home/democratabi/olist_platform/include/dbt/logs', 'debug': 'False', 'fail_fast': 'False', 'use_colors': 'True', 'use_experimental_parser': 'False', 'no_print': 'None', 'quiet': 'False', 'log_format': 'default', 'invocation_command': 'dbt debug', 'introspect': 'True', 'warn_error_options': 'WarnErrorOptions(include=[], exclude=[])', 'target_path': 'None', 'static_parser': 'True', 'send_anonymous_usage_stats': 'True'}
[0m15:45:32.509048 [info ] [MainThread]: This version of dbt is deprecated and no longer receives regular patches, including for known bugs. We recommend upgrading to a newer supported version of dbt: https://docs.getdbt.com/docs/dbt-versions
[0m15:45:32.509584 [debug] [MainThread]: Sending event: {'category': 'dbt', 'action': 'deprecated_version_invocation', 'label': '891762ee-dfa3-4218-832e-a5d244851b93', 'context': [<snowplow_tracker.self_describing_json.SelfDescribingJson object at 0x75fe42b902c0>]}
[0m15:45:32.510240 [info ] [MainThread]: dbt version: 1.7.20
[0m15:45:32.510757 [info ] [MainThread]: python version: 3.12.3
[0m15:45:32.511242 [info ] [MainThread]: python path: /home/democratabi/olist_platform/.venv/bin/python3
[0m15:45:32.511696 [info ] [MainThread]: os info: Linux-6.18.33.2-microsoft-standard-WSL2-x86_64-with-glibc2.39
[0m15:45:32.518784 [error] [MainThread]: Encountered an error:
Parsing Error
  Env var required but not provided: 'MYSQL_DATABASE'
[0m15:45:32.520380 [debug] [MainThread]: Resource report: {"command_name": "debug", "command_wall_clock_time": 0.086589776, "process_user_time": 3.731414, "process_kernel_time": 0.238012, "process_mem_max_rss": "99612", "process_out_blocks": "8", "command_success": false, "process_in_blocks": "0"}
[0m15:45:32.521258 [debug] [MainThread]: Command `dbt debug` failed at 15:45:32.521028 after 0.09 seconds
[0m15:45:32.521897 [debug] [MainThread]: Sending event: {'category': 'dbt', 'action': 'invocation', 'label': 'end', 'context': [<snowplow_tracker.self_describing_json.SelfDescribingJson object at 0x75fe42b902c0>, <snowplow_tracker.self_describing_json.SelfDescribingJson object at 0x75fe42b6a960>, <snowplow_tracker.self_describing_json.SelfDescribingJson object at 0x75fe433e95e0>]}
[0m15:45:32.522545 [debug] [MainThread]: Flushing usage events
[0m15:46:52.401104 [debug] [MainThread]: Sending event: {'category': 'dbt', 'action': 'invocation', 'label': 'start', 'context': [<snowplow_tracker.self_describing_json.SelfDescribingJson object at 0x78fea3cee480>, <snowplow_tracker.self_describing_json.SelfDescribingJson object at 0x78fea4c11520>, <snowplow_tracker.self_describing_json.SelfDescribingJson object at 0x78fea4ba96a0>]}


============================== 15:46:52.403362 | 2507a9c2-5b8f-446b-af1f-2b29bb69dedd ==============================
[0m15:46:52.403362 [info ] [MainThread]: Running with dbt=1.7.20
[0m15:46:52.403981 [debug] [MainThread]: running dbt with arguments {'printer_width': '80', 'indirect_selection': 'eager', 'log_cache_events': 'False', 'write_json': 'True', 'partial_parse': 'True', 'cache_selected_only': 'False', 'profiles_dir': '/home/democratabi/olist_platform/include/dbt', 'version_check': 'True', 'fail_fast': 'False', 'log_path': '/home/democratabi/olist_platform/include/dbt/logs', 'warn_error': 'None', 'debug': 'False', 'use_colors': 'True', 'use_experimental_parser': 'False', 'no_print': 'None', 'quiet': 'False', 'log_format': 'default', 'introspect': 'True', 'invocation_command': 'dbt debug', 'static_parser': 'True', 'target_path': 'None', 'warn_error_options': 'WarnErrorOptions(include=[], exclude=[])', 'send_anonymous_usage_stats': 'True'}
[0m15:46:52.404392 [info ] [MainThread]: This version of dbt is deprecated and no longer receives regular patches, including for known bugs. We recommend upgrading to a newer supported version of dbt: https://docs.getdbt.com/docs/dbt-versions
[0m15:46:52.404939 [debug] [MainThread]: Sending event: {'category': 'dbt', 'action': 'deprecated_version_invocation', 'label': '2507a9c2-5b8f-446b-af1f-2b29bb69dedd', 'context': [<snowplow_tracker.self_describing_json.SelfDescribingJson object at 0x78fea4c11520>]}
[0m15:46:52.405454 [info ] [MainThread]: dbt version: 1.7.20
[0m15:46:52.405792 [info ] [MainThread]: python version: 3.12.3
[0m15:46:52.406111 [info ] [MainThread]: python path: /home/democratabi/olist_platform/.venv/bin/python3
[0m15:46:52.406405 [info ] [MainThread]: os info: Linux-6.18.33.2-microsoft-standard-WSL2-x86_64-with-glibc2.39
[0m15:46:52.567813 [info ] [MainThread]: Using profiles dir at /home/democratabi/olist_platform/include/dbt
[0m15:46:52.568767 [info ] [MainThread]: Using profiles.yml file at /home/democratabi/olist_platform/include/dbt/profiles.yml
[0m15:46:52.569556 [info ] [MainThread]: Using dbt_project.yml file at /home/democratabi/olist_platform/include/dbt/dbt_project.yml
[0m15:46:52.570750 [info ] [MainThread]: adapter type: mysql
[0m15:46:52.571378 [info ] [MainThread]: adapter version: 1.7.0
[0m15:46:52.725398 [info ] [MainThread]: Configuration:
[0m15:46:52.726015 [info ] [MainThread]:   profiles.yml file [[32mOK found and valid[0m]
[0m15:46:52.726442 [info ] [MainThread]:   dbt_project.yml file [[32mOK found and valid[0m]
[0m15:46:52.726843 [info ] [MainThread]: Required dependencies:
[0m15:46:52.727252 [debug] [MainThread]: Executing "git --help"
[0m15:46:52.729569 [debug] [MainThread]: STDOUT: "b"usage: git [-v | --version] [-h | --help] [-C <path>] [-c <name>=<value>]\n           [--exec-path[=<path>]] [--html-path] [--man-path] [--info-path]\n           [-p | --paginate | -P | --no-pager] [--no-replace-objects] [--bare]\n           [--git-dir=<path>] [--work-tree=<path>] [--namespace=<name>]\n           [--config-env=<name>=<envvar>] <command> [<args>]\n\nThese are common Git commands used in various situations:\n\nstart a working area (see also: git help tutorial)\n   clone     Clone a repository into a new directory\n   init      Create an empty Git repository or reinitialize an existing one\n\nwork on the current change (see also: git help everyday)\n   add       Add file contents to the index\n   mv        Move or rename a file, a directory, or a symlink\n   restore   Restore working tree files\n   rm        Remove files from the working tree and from the index\n\nexamine the history and state (see also: git help revisions)\n   bisect    Use binary search to find the commit that introduced a bug\n   diff      Show changes between commits, commit and working tree, etc\n   grep      Print lines matching a pattern\n   log       Show commit logs\n   show      Show various types of objects\n   status    Show the working tree status\n\ngrow, mark and tweak your common history\n   branch    List, create, or delete branches\n   commit    Record changes to the repository\n   merge     Join two or more development histories together\n   rebase    Reapply commits on top of another base tip\n   reset     Reset current HEAD to the specified state\n   switch    Switch branches\n   tag       Create, list, delete or verify a tag object signed with GPG\n\ncollaborate (see also: git help workflows)\n   fetch     Download objects and refs from another repository\n   pull      Fetch from and integrate with another repository or a local branch\n   push      Update remote refs along with associated objects\n\n'git help -a' and 'git help -g' list available subcommands and some\nconcept guides. See 'git help <command>' or 'git help <concept>'\nto read about a specific subcommand or concept.\nSee 'git help git' for an overview of the system.\n""
[0m15:46:52.730179 [debug] [MainThread]: STDERR: "b''"
[0m15:46:52.730628 [info ] [MainThread]:  - git [[32mOK found[0m]

[0m15:46:52.731073 [info ] [MainThread]: Connection:
[0m15:46:52.731527 [info ] [MainThread]:   server: localhost
[0m15:46:52.731943 [info ] [MainThread]:   unix_socket: None
[0m15:46:52.732337 [info ] [MainThread]:   port: 3306
[0m15:46:52.732899 [info ] [MainThread]:   database: None
[0m15:46:52.733432 [info ] [MainThread]:   schema: 
[0m15:46:52.733943 [info ] [MainThread]:   user: warehouse
[0m15:46:52.734528 [info ] [MainThread]: Registered adapter: mysql=1.7.0
[0m15:46:52.735460 [debug] [MainThread]: Acquiring new mysql connection 'debug'
[0m15:46:52.736064 [debug] [MainThread]: Using mysql connection "debug"
[0m15:46:52.736712 [debug] [MainThread]: On debug: select 1 as id
[0m15:46:52.737886 [debug] [MainThread]: Opening a new connection, currently in state init
[0m15:46:52.816790 [debug] [MainThread]: mysql adapter: Failed connection without supplying the `database`. Trying again with `database` included.
[0m15:46:52.872271 [debug] [MainThread]: mysql adapter: Got an error when attempting to open a mysql connection: '1045 (28000): Access denied for user 'warehouse'@'172.18.0.1' (using password: YES)'
[0m15:46:52.873102 [debug] [MainThread]: mysql adapter: Error running SQL: select 1 as id
[0m15:46:52.873611 [debug] [MainThread]: mysql adapter: Rolling back transaction.
[0m15:46:52.874231 [debug] [MainThread]: On debug: No close available on handle
[0m15:46:52.877723 [info ] [MainThread]:   Connection test: [[31mERROR[0m]

[0m15:46:52.878547 [info ] [MainThread]: [31m1 check failed:[0m
[0m15:46:52.879060 [info ] [MainThread]: dbt was unable to connect to the specified database.
The database returned the following error:

  >Database Error
  1045 (28000): Access denied for user 'warehouse'@'172.18.0.1' (using password: YES)

Check your database credentials and try again. For more information, visit:
https://docs.getdbt.com/docs/configure-your-profile


[0m15:46:52.879640 [debug] [MainThread]: Resource report: {"command_name": "debug", "command_wall_clock_time": 0.52963257, "process_user_time": 2.332432, "process_kernel_time": 0.215415, "process_mem_max_rss": "113136", "process_out_blocks": "24", "command_success": false, "process_in_blocks": "0"}
[0m15:46:52.880137 [debug] [MainThread]: Command `dbt debug` failed at 15:46:52.879999 after 0.53 seconds
[0m15:46:52.880528 [debug] [MainThread]: Connection 'debug' was properly closed.
[0m15:46:52.880982 [debug] [MainThread]: Sending event: {'category': 'dbt', 'action': 'invocation', 'label': 'end', 'context': [<snowplow_tracker.self_describing_json.SelfDescribingJson object at 0x78fea4c11520>, <snowplow_tracker.self_describing_json.SelfDescribingJson object at 0x78fea38f4fe0>, <snowplow_tracker.self_describing_json.SelfDescribingJson object at 0x78fea51cad20>]}
[0m15:46:52.881386 [debug] [MainThread]: Flushing usage events
[0m15:47:08.719498 [debug] [MainThread]: Sending event: {'category': 'dbt', 'action': 'invocation', 'label': 'start', 'context': [<snowplow_tracker.self_describing_json.SelfDescribingJson object at 0x780912578260>, <snowplow_tracker.self_describing_json.SelfDescribingJson object at 0x7809132a18e0>, <snowplow_tracker.self_describing_json.SelfDescribingJson object at 0x780912579700>]}


============================== 15:47:08.721877 | ccc0fd0f-8a8b-4806-8fe4-371b04e55490 ==============================
[0m15:47:08.721877 [info ] [MainThread]: Running with dbt=1.7.20
[0m15:47:08.722466 [debug] [MainThread]: running dbt with arguments {'printer_width': '80', 'indirect_selection': 'eager', 'log_cache_events': 'False', 'write_json': 'True', 'partial_parse': 'True', 'cache_selected_only': 'False', 'profiles_dir': '/home/democratabi/olist_platform/include/dbt', 'version_check': 'True', 'warn_error': 'None', 'log_path': '/home/democratabi/olist_platform/include/dbt/logs', 'fail_fast': 'False', 'debug': 'False', 'use_colors': 'True', 'use_experimental_parser': 'False', 'no_print': 'None', 'quiet': 'False', 'warn_error_options': 'WarnErrorOptions(include=[], exclude=[])', 'introspect': 'True', 'invocation_command': 'dbt debug', 'log_format': 'default', 'target_path': 'None', 'static_parser': 'True', 'send_anonymous_usage_stats': 'True'}
[0m15:47:08.722829 [info ] [MainThread]: This version of dbt is deprecated and no longer receives regular patches, including for known bugs. We recommend upgrading to a newer supported version of dbt: https://docs.getdbt.com/docs/dbt-versions
[0m15:47:08.723206 [debug] [MainThread]: Sending event: {'category': 'dbt', 'action': 'deprecated_version_invocation', 'label': 'ccc0fd0f-8a8b-4806-8fe4-371b04e55490', 'context': [<snowplow_tracker.self_describing_json.SelfDescribingJson object at 0x780916db3380>]}
[0m15:47:08.723683 [info ] [MainThread]: dbt version: 1.7.20
[0m15:47:08.724006 [info ] [MainThread]: python version: 3.12.3
[0m15:47:08.724314 [info ] [MainThread]: python path: /home/democratabi/olist_platform/.venv/bin/python3
[0m15:47:08.724642 [info ] [MainThread]: os info: Linux-6.18.33.2-microsoft-standard-WSL2-x86_64-with-glibc2.39
[0m15:47:08.885844 [info ] [MainThread]: Using profiles dir at /home/democratabi/olist_platform/include/dbt
[0m15:47:08.886450 [info ] [MainThread]: Using profiles.yml file at /home/democratabi/olist_platform/include/dbt/profiles.yml
[0m15:47:08.886859 [info ] [MainThread]: Using dbt_project.yml file at /home/democratabi/olist_platform/include/dbt/dbt_project.yml
[0m15:47:08.887433 [info ] [MainThread]: adapter type: mysql
[0m15:47:08.887846 [info ] [MainThread]: adapter version: 1.7.0
[0m15:47:09.039718 [info ] [MainThread]: Configuration:
[0m15:47:09.040330 [info ] [MainThread]:   profiles.yml file [[32mOK found and valid[0m]
[0m15:47:09.040838 [info ] [MainThread]:   dbt_project.yml file [[32mOK found and valid[0m]
[0m15:47:09.041278 [info ] [MainThread]: Required dependencies:
[0m15:47:09.041706 [debug] [MainThread]: Executing "git --help"
[0m15:47:09.043800 [debug] [MainThread]: STDOUT: "b"usage: git [-v | --version] [-h | --help] [-C <path>] [-c <name>=<value>]\n           [--exec-path[=<path>]] [--html-path] [--man-path] [--info-path]\n           [-p | --paginate | -P | --no-pager] [--no-replace-objects] [--bare]\n           [--git-dir=<path>] [--work-tree=<path>] [--namespace=<name>]\n           [--config-env=<name>=<envvar>] <command> [<args>]\n\nThese are common Git commands used in various situations:\n\nstart a working area (see also: git help tutorial)\n   clone     Clone a repository into a new directory\n   init      Create an empty Git repository or reinitialize an existing one\n\nwork on the current change (see also: git help everyday)\n   add       Add file contents to the index\n   mv        Move or rename a file, a directory, or a symlink\n   restore   Restore working tree files\n   rm        Remove files from the working tree and from the index\n\nexamine the history and state (see also: git help revisions)\n   bisect    Use binary search to find the commit that introduced a bug\n   diff      Show changes between commits, commit and working tree, etc\n   grep      Print lines matching a pattern\n   log       Show commit logs\n   show      Show various types of objects\n   status    Show the working tree status\n\ngrow, mark and tweak your common history\n   branch    List, create, or delete branches\n   commit    Record changes to the repository\n   merge     Join two or more development histories together\n   rebase    Reapply commits on top of another base tip\n   reset     Reset current HEAD to the specified state\n   switch    Switch branches\n   tag       Create, list, delete or verify a tag object signed with GPG\n\ncollaborate (see also: git help workflows)\n   fetch     Download objects and refs from another repository\n   pull      Fetch from and integrate with another repository or a local branch\n   push      Update remote refs along with associated objects\n\n'git help -a' and 'git help -g' list available subcommands and some\nconcept guides. See 'git help <command>' or 'git help <concept>'\nto read about a specific subcommand or concept.\nSee 'git help git' for an overview of the system.\n""
[0m15:47:09.044290 [debug] [MainThread]: STDERR: "b''"
[0m15:47:09.044650 [info ] [MainThread]:  - git [[32mOK found[0m]

[0m15:47:09.045026 [info ] [MainThread]: Connection:
[0m15:47:09.045398 [info ] [MainThread]:   server: localhost
[0m15:47:09.045736 [info ] [MainThread]:   unix_socket: None
[0m15:47:09.046057 [info ] [MainThread]:   port: 3306
[0m15:47:09.046427 [info ] [MainThread]:   database: None
[0m15:47:09.046818 [info ] [MainThread]:   schema: raw
[0m15:47:09.047315 [info ] [MainThread]:   user: warehouse
[0m15:47:09.048078 [info ] [MainThread]: Registered adapter: mysql=1.7.0
[0m15:47:09.048933 [debug] [MainThread]: Acquiring new mysql connection 'debug'
[0m15:47:09.049370 [debug] [MainThread]: Using mysql connection "debug"
[0m15:47:09.049767 [debug] [MainThread]: On debug: select 1 as id
[0m15:47:09.050141 [debug] [MainThread]: Opening a new connection, currently in state init
[0m15:47:09.116391 [debug] [MainThread]: mysql adapter: Failed connection without supplying the `database`. Trying again with `database` included.
[0m15:47:09.168805 [debug] [MainThread]: mysql adapter: Got an error when attempting to open a mysql connection: '1045 (28000): Access denied for user 'warehouse'@'172.18.0.1' (using password: YES)'
[0m15:47:09.169369 [debug] [MainThread]: mysql adapter: Error running SQL: select 1 as id
[0m15:47:09.169767 [debug] [MainThread]: mysql adapter: Rolling back transaction.
[0m15:47:09.170172 [debug] [MainThread]: On debug: No close available on handle
[0m15:47:09.172305 [info ] [MainThread]:   Connection test: [[31mERROR[0m]

[0m15:47:09.172870 [info ] [MainThread]: [31m1 check failed:[0m
[0m15:47:09.173263 [info ] [MainThread]: dbt was unable to connect to the specified database.
The database returned the following error:

  >Database Error
  1045 (28000): Access denied for user 'warehouse'@'172.18.0.1' (using password: YES)

Check your database credentials and try again. For more information, visit:
https://docs.getdbt.com/docs/configure-your-profile


[0m15:47:09.173768 [debug] [MainThread]: Resource report: {"command_name": "debug", "command_wall_clock_time": 0.50397843, "process_user_time": 2.344826, "process_kernel_time": 0.114833, "process_mem_max_rss": "113104", "process_out_blocks": "16", "command_success": false, "process_in_blocks": "0"}
[0m15:47:09.174241 [debug] [MainThread]: Command `dbt debug` failed at 15:47:09.174103 after 0.50 seconds
[0m15:47:09.174623 [debug] [MainThread]: Connection 'debug' was properly closed.
[0m15:47:09.174988 [debug] [MainThread]: Sending event: {'category': 'dbt', 'action': 'invocation', 'label': 'end', 'context': [<snowplow_tracker.self_describing_json.SelfDescribingJson object at 0x780916db3380>, <snowplow_tracker.self_describing_json.SelfDescribingJson object at 0x78091221be90>, <snowplow_tracker.self_describing_json.SelfDescribingJson object at 0x78091221b710>]}
[0m15:47:09.175379 [debug] [MainThread]: Flushing usage events
[0m15:47:30.966068 [debug] [MainThread]: Sending event: {'category': 'dbt', 'action': 'invocation', 'label': 'start', 'context': [<snowplow_tracker.self_describing_json.SelfDescribingJson object at 0x713b0deb7e30>, <snowplow_tracker.self_describing_json.SelfDescribingJson object at 0x713b10d5b0b0>, <snowplow_tracker.self_describing_json.SelfDescribingJson object at 0x713b0e3a95e0>]}


============================== 15:47:30.969048 | 5d6f7a27-acd7-4caa-8282-de7a593dd1e0 ==============================
[0m15:47:30.969048 [info ] [MainThread]: Running with dbt=1.7.20
[0m15:47:30.969712 [debug] [MainThread]: running dbt with arguments {'printer_width': '80', 'indirect_selection': 'eager', 'write_json': 'True', 'log_cache_events': 'False', 'partial_parse': 'True', 'cache_selected_only': 'False', 'profiles_dir': '/home/democratabi/olist_platform/include/dbt', 'version_check': 'True', 'debug': 'False', 'log_path': '/home/democratabi/olist_platform/include/dbt/logs', 'warn_error': 'None', 'fail_fast': 'False', 'use_colors': 'True', 'use_experimental_parser': 'False', 'no_print': 'None', 'quiet': 'False', 'log_format': 'default', 'invocation_command': 'dbt debug', 'static_parser': 'True', 'introspect': 'True', 'target_path': 'None', 'warn_error_options': 'WarnErrorOptions(include=[], exclude=[])', 'send_anonymous_usage_stats': 'True'}
[0m15:47:30.970149 [info ] [MainThread]: This version of dbt is deprecated and no longer receives regular patches, including for known bugs. We recommend upgrading to a newer supported version of dbt: https://docs.getdbt.com/docs/dbt-versions
[0m15:47:30.970566 [debug] [MainThread]: Sending event: {'category': 'dbt', 'action': 'deprecated_version_invocation', 'label': '5d6f7a27-acd7-4caa-8282-de7a593dd1e0', 'context': [<snowplow_tracker.self_describing_json.SelfDescribingJson object at 0x713b0de8acf0>]}
[0m15:47:30.971078 [info ] [MainThread]: dbt version: 1.7.20
[0m15:47:30.971462 [info ] [MainThread]: python version: 3.12.3
[0m15:47:30.971843 [info ] [MainThread]: python path: /home/democratabi/olist_platform/.venv/bin/python3
[0m15:47:30.972208 [info ] [MainThread]: os info: Linux-6.18.33.2-microsoft-standard-WSL2-x86_64-with-glibc2.39
[0m15:47:31.118823 [info ] [MainThread]: Using profiles dir at /home/democratabi/olist_platform/include/dbt
[0m15:47:31.119466 [info ] [MainThread]: Using profiles.yml file at /home/democratabi/olist_platform/include/dbt/profiles.yml
[0m15:47:31.119872 [info ] [MainThread]: Using dbt_project.yml file at /home/democratabi/olist_platform/include/dbt/dbt_project.yml
[0m15:47:31.120519 [info ] [MainThread]: adapter type: mysql
[0m15:47:31.121007 [info ] [MainThread]: adapter version: 1.7.0
[0m15:47:31.263708 [info ] [MainThread]: Configuration:
[0m15:47:31.264278 [info ] [MainThread]:   profiles.yml file [[32mOK found and valid[0m]
[0m15:47:31.264685 [info ] [MainThread]:   dbt_project.yml file [[32mOK found and valid[0m]
[0m15:47:31.265123 [info ] [MainThread]: Required dependencies:
[0m15:47:31.265540 [debug] [MainThread]: Executing "git --help"
[0m15:47:31.267824 [debug] [MainThread]: STDOUT: "b"usage: git [-v | --version] [-h | --help] [-C <path>] [-c <name>=<value>]\n           [--exec-path[=<path>]] [--html-path] [--man-path] [--info-path]\n           [-p | --paginate | -P | --no-pager] [--no-replace-objects] [--bare]\n           [--git-dir=<path>] [--work-tree=<path>] [--namespace=<name>]\n           [--config-env=<name>=<envvar>] <command> [<args>]\n\nThese are common Git commands used in various situations:\n\nstart a working area (see also: git help tutorial)\n   clone     Clone a repository into a new directory\n   init      Create an empty Git repository or reinitialize an existing one\n\nwork on the current change (see also: git help everyday)\n   add       Add file contents to the index\n   mv        Move or rename a file, a directory, or a symlink\n   restore   Restore working tree files\n   rm        Remove files from the working tree and from the index\n\nexamine the history and state (see also: git help revisions)\n   bisect    Use binary search to find the commit that introduced a bug\n   diff      Show changes between commits, commit and working tree, etc\n   grep      Print lines matching a pattern\n   log       Show commit logs\n   show      Show various types of objects\n   status    Show the working tree status\n\ngrow, mark and tweak your common history\n   branch    List, create, or delete branches\n   commit    Record changes to the repository\n   merge     Join two or more development histories together\n   rebase    Reapply commits on top of another base tip\n   reset     Reset current HEAD to the specified state\n   switch    Switch branches\n   tag       Create, list, delete or verify a tag object signed with GPG\n\ncollaborate (see also: git help workflows)\n   fetch     Download objects and refs from another repository\n   pull      Fetch from and integrate with another repository or a local branch\n   push      Update remote refs along with associated objects\n\n'git help -a' and 'git help -g' list available subcommands and some\nconcept guides. See 'git help <command>' or 'git help <concept>'\nto read about a specific subcommand or concept.\nSee 'git help git' for an overview of the system.\n""
[0m15:47:31.268540 [debug] [MainThread]: STDERR: "b''"
[0m15:47:31.269132 [info ] [MainThread]:  - git [[32mOK found[0m]

[0m15:47:31.269682 [info ] [MainThread]: Connection:
[0m15:47:31.270186 [info ] [MainThread]:   server: localhost
[0m15:47:31.270618 [info ] [MainThread]:   unix_socket: None
[0m15:47:31.271109 [info ] [MainThread]:   port: 3306
[0m15:47:31.271571 [info ] [MainThread]:   database: None
[0m15:47:31.272050 [info ] [MainThread]:   schema: raw
[0m15:47:31.272556 [info ] [MainThread]:   user: warehouse
[0m15:47:31.273334 [info ] [MainThread]: Registered adapter: mysql=1.7.0
[0m15:47:31.274183 [debug] [MainThread]: Acquiring new mysql connection 'debug'
[0m15:47:31.274672 [debug] [MainThread]: Using mysql connection "debug"
[0m15:47:31.275251 [debug] [MainThread]: On debug: select 1 as id
[0m15:47:31.275944 [debug] [MainThread]: Opening a new connection, currently in state init
[0m15:47:31.341118 [debug] [MainThread]: mysql adapter: Failed connection without supplying the `database`. Trying again with `database` included.
[0m15:47:31.396029 [debug] [MainThread]: mysql adapter: Got an error when attempting to open a mysql connection: '1045 (28000): Access denied for user 'warehouse'@'172.18.0.1' (using password: YES)'
[0m15:47:31.396740 [debug] [MainThread]: mysql adapter: Error running SQL: select 1 as id
[0m15:47:31.397174 [debug] [MainThread]: mysql adapter: Rolling back transaction.
[0m15:47:31.397586 [debug] [MainThread]: On debug: No close available on handle
[0m15:47:31.403562 [info ] [MainThread]:   Connection test: [[31mERROR[0m]

[0m15:47:31.404286 [info ] [MainThread]: [31m1 check failed:[0m
[0m15:47:31.404744 [info ] [MainThread]: dbt was unable to connect to the specified database.
The database returned the following error:

  >Database Error
  1045 (28000): Access denied for user 'warehouse'@'172.18.0.1' (using password: YES)

Check your database credentials and try again. For more information, visit:
https://docs.getdbt.com/docs/configure-your-profile


[0m15:47:31.405355 [debug] [MainThread]: Resource report: {"command_name": "debug", "command_wall_clock_time": 0.5139735, "process_user_time": 2.425289, "process_kernel_time": 0.112281, "process_mem_max_rss": "112864", "process_out_blocks": "24", "command_success": false, "process_in_blocks": "0"}
[0m15:47:31.405835 [debug] [MainThread]: Command `dbt debug` failed at 15:47:31.405701 after 0.51 seconds
[0m15:47:31.406272 [debug] [MainThread]: Connection 'debug' was properly closed.
[0m15:47:31.406718 [debug] [MainThread]: Sending event: {'category': 'dbt', 'action': 'invocation', 'label': 'end', 'context': [<snowplow_tracker.self_describing_json.SelfDescribingJson object at 0x713b0dab0c50>, <snowplow_tracker.self_describing_json.SelfDescribingJson object at 0x713b0da01b50>, <snowplow_tracker.self_describing_json.SelfDescribingJson object at 0x713b0de8acf0>]}
[0m15:47:31.407169 [debug] [MainThread]: Flushing usage events
[0m15:48:27.760227 [debug] [MainThread]: Sending event: {'category': 'dbt', 'action': 'invocation', 'label': 'start', 'context': [<snowplow_tracker.self_describing_json.SelfDescribingJson object at 0x706959ac5370>, <snowplow_tracker.self_describing_json.SelfDescribingJson object at 0x706959d85bb0>, <snowplow_tracker.self_describing_json.SelfDescribingJson object at 0x706959e5cb60>]}


============================== 15:48:27.763174 | b401ef28-5df3-4cf7-b620-ce5fa4166534 ==============================
[0m15:48:27.763174 [info ] [MainThread]: Running with dbt=1.7.20
[0m15:48:27.763868 [debug] [MainThread]: running dbt with arguments {'printer_width': '80', 'indirect_selection': 'eager', 'log_cache_events': 'False', 'write_json': 'True', 'partial_parse': 'True', 'cache_selected_only': 'False', 'warn_error': 'None', 'version_check': 'True', 'debug': 'False', 'log_path': '/home/democratabi/olist_platform/include/dbt/logs', 'fail_fast': 'False', 'profiles_dir': '/home/democratabi/olist_platform/include/dbt', 'use_colors': 'True', 'use_experimental_parser': 'False', 'no_print': 'None', 'quiet': 'False', 'warn_error_options': 'WarnErrorOptions(include=[], exclude=[])', 'introspect': 'True', 'invocation_command': 'dbt debug', 'log_format': 'default', 'target_path': 'None', 'static_parser': 'True', 'send_anonymous_usage_stats': 'True'}
[0m15:48:27.764344 [info ] [MainThread]: This version of dbt is deprecated and no longer receives regular patches, including for known bugs. We recommend upgrading to a newer supported version of dbt: https://docs.getdbt.com/docs/dbt-versions
[0m15:48:27.764769 [debug] [MainThread]: Sending event: {'category': 'dbt', 'action': 'deprecated_version_invocation', 'label': 'b401ef28-5df3-4cf7-b620-ce5fa4166534', 'context': [<snowplow_tracker.self_describing_json.SelfDescribingJson object at 0x70695e35b380>]}
[0m15:48:27.765304 [info ] [MainThread]: dbt version: 1.7.20
[0m15:48:27.765675 [info ] [MainThread]: python version: 3.12.3
[0m15:48:27.766021 [info ] [MainThread]: python path: /home/democratabi/olist_platform/.venv/bin/python3
[0m15:48:27.766380 [info ] [MainThread]: os info: Linux-6.18.33.2-microsoft-standard-WSL2-x86_64-with-glibc2.39
[0m15:48:27.933532 [info ] [MainThread]: Using profiles dir at /home/democratabi/olist_platform/include/dbt
[0m15:48:27.934209 [info ] [MainThread]: Using profiles.yml file at /home/democratabi/olist_platform/include/dbt/profiles.yml
[0m15:48:27.934644 [info ] [MainThread]: Using dbt_project.yml file at /home/democratabi/olist_platform/include/dbt/dbt_project.yml
[0m15:48:27.935286 [info ] [MainThread]: adapter type: mysql
[0m15:48:27.935645 [info ] [MainThread]: adapter version: 1.7.0
[0m15:48:28.052063 [info ] [MainThread]: Configuration:
[0m15:48:28.052623 [info ] [MainThread]:   profiles.yml file [[32mOK found and valid[0m]
[0m15:48:28.053030 [info ] [MainThread]:   dbt_project.yml file [[32mOK found and valid[0m]
[0m15:48:28.053378 [info ] [MainThread]: Required dependencies:
[0m15:48:28.053792 [debug] [MainThread]: Executing "git --help"
[0m15:48:28.055752 [debug] [MainThread]: STDOUT: "b"usage: git [-v | --version] [-h | --help] [-C <path>] [-c <name>=<value>]\n           [--exec-path[=<path>]] [--html-path] [--man-path] [--info-path]\n           [-p | --paginate | -P | --no-pager] [--no-replace-objects] [--bare]\n           [--git-dir=<path>] [--work-tree=<path>] [--namespace=<name>]\n           [--config-env=<name>=<envvar>] <command> [<args>]\n\nThese are common Git commands used in various situations:\n\nstart a working area (see also: git help tutorial)\n   clone     Clone a repository into a new directory\n   init      Create an empty Git repository or reinitialize an existing one\n\nwork on the current change (see also: git help everyday)\n   add       Add file contents to the index\n   mv        Move or rename a file, a directory, or a symlink\n   restore   Restore working tree files\n   rm        Remove files from the working tree and from the index\n\nexamine the history and state (see also: git help revisions)\n   bisect    Use binary search to find the commit that introduced a bug\n   diff      Show changes between commits, commit and working tree, etc\n   grep      Print lines matching a pattern\n   log       Show commit logs\n   show      Show various types of objects\n   status    Show the working tree status\n\ngrow, mark and tweak your common history\n   branch    List, create, or delete branches\n   commit    Record changes to the repository\n   merge     Join two or more development histories together\n   rebase    Reapply commits on top of another base tip\n   reset     Reset current HEAD to the specified state\n   switch    Switch branches\n   tag       Create, list, delete or verify a tag object signed with GPG\n\ncollaborate (see also: git help workflows)\n   fetch     Download objects and refs from another repository\n   pull      Fetch from and integrate with another repository or a local branch\n   push      Update remote refs along with associated objects\n\n'git help -a' and 'git help -g' list available subcommands and some\nconcept guides. See 'git help <command>' or 'git help <concept>'\nto read about a specific subcommand or concept.\nSee 'git help git' for an overview of the system.\n""
[0m15:48:28.056284 [debug] [MainThread]: STDERR: "b''"
[0m15:48:28.056642 [info ] [MainThread]:  - git [[32mOK found[0m]

[0m15:48:28.057028 [info ] [MainThread]: Connection:
[0m15:48:28.057408 [info ] [MainThread]:   server: localhost
[0m15:48:28.057752 [info ] [MainThread]:   unix_socket: None
[0m15:48:28.058090 [info ] [MainThread]:   port: 3306
[0m15:48:28.058455 [info ] [MainThread]:   database: None
[0m15:48:28.058906 [info ] [MainThread]:   schema: raw
[0m15:48:28.059291 [info ] [MainThread]:   user: warehouse
[0m15:48:28.059761 [info ] [MainThread]: Registered adapter: mysql=1.7.0
[0m15:48:28.060597 [debug] [MainThread]: Acquiring new mysql connection 'debug'
[0m15:48:28.061111 [debug] [MainThread]: Using mysql connection "debug"
[0m15:48:28.061514 [debug] [MainThread]: On debug: select 1 as id
[0m15:48:28.061964 [debug] [MainThread]: Opening a new connection, currently in state init
[0m15:48:28.131047 [debug] [MainThread]: mysql adapter: Failed connection without supplying the `database`. Trying again with `database` included.
[0m15:48:28.223662 [debug] [MainThread]: mysql adapter: Got an error when attempting to open a mysql connection: '1045 (28000): Access denied for user 'warehouse'@'172.18.0.1' (using password: YES)'
[0m15:48:28.224835 [debug] [MainThread]: mysql adapter: Error running SQL: select 1 as id
[0m15:48:28.225647 [debug] [MainThread]: mysql adapter: Rolling back transaction.
[0m15:48:28.226442 [debug] [MainThread]: On debug: No close available on handle
[0m15:48:28.230840 [info ] [MainThread]:   Connection test: [[31mERROR[0m]

[0m15:48:28.231825 [info ] [MainThread]: [31m1 check failed:[0m
[0m15:48:28.232750 [info ] [MainThread]: dbt was unable to connect to the specified database.
The database returned the following error:

  >Database Error
  1045 (28000): Access denied for user 'warehouse'@'172.18.0.1' (using password: YES)

Check your database credentials and try again. For more information, visit:
https://docs.getdbt.com/docs/configure-your-profile


[0m15:48:28.233892 [debug] [MainThread]: Resource report: {"command_name": "debug", "command_wall_clock_time": 0.55357194, "process_user_time": 2.35067, "process_kernel_time": 0.142011, "process_mem_max_rss": "113252", "process_out_blocks": "24", "command_success": false, "process_in_blocks": "0"}
[0m15:48:28.234670 [debug] [MainThread]: Command `dbt debug` failed at 15:48:28.234459 after 0.55 seconds
[0m15:48:28.235320 [debug] [MainThread]: Connection 'debug' was properly closed.
[0m15:48:28.235873 [debug] [MainThread]: Sending event: {'category': 'dbt', 'action': 'invocation', 'label': 'end', 'context': [<snowplow_tracker.self_describing_json.SelfDescribingJson object at 0x70695e35b380>, <snowplow_tracker.self_describing_json.SelfDescribingJson object at 0x706959d878c0>, <snowplow_tracker.self_describing_json.SelfDescribingJson object at 0x706959ac67e0>]}
[0m15:48:28.236457 [debug] [MainThread]: Flushing usage events
[0m15:48:40.754920 [debug] [MainThread]: Sending event: {'category': 'dbt', 'action': 'invocation', 'label': 'start', 'context': [<snowplow_tracker.self_describing_json.SelfDescribingJson object at 0x75926c2b4a40>, <snowplow_tracker.self_describing_json.SelfDescribingJson object at 0x75926c2b4b30>, <snowplow_tracker.self_describing_json.SelfDescribingJson object at 0x75926c9c5100>]}


============================== 15:48:40.757353 | bb5a8882-a312-4496-a1ff-60aa5eefde20 ==============================
[0m15:48:40.757353 [info ] [MainThread]: Running with dbt=1.7.20
[0m15:48:40.758009 [debug] [MainThread]: running dbt with arguments {'printer_width': '80', 'indirect_selection': 'eager', 'log_cache_events': 'False', 'write_json': 'True', 'partial_parse': 'True', 'cache_selected_only': 'False', 'profiles_dir': '/home/democratabi/olist_platform/include/dbt', 'version_check': 'True', 'debug': 'False', 'log_path': '/home/democratabi/olist_platform/include/dbt/logs', 'fail_fast': 'False', 'warn_error': 'None', 'use_colors': 'True', 'use_experimental_parser': 'False', 'no_print': 'None', 'quiet': 'False', 'warn_error_options': 'WarnErrorOptions(include=[], exclude=[])', 'static_parser': 'True', 'invocation_command': 'dbt debug', 'introspect': 'True', 'target_path': 'None', 'log_format': 'default', 'send_anonymous_usage_stats': 'True'}
[0m15:48:40.758338 [info ] [MainThread]: This version of dbt is deprecated and no longer receives regular patches, including for known bugs. We recommend upgrading to a newer supported version of dbt: https://docs.getdbt.com/docs/dbt-versions
[0m15:48:40.758702 [debug] [MainThread]: Sending event: {'category': 'dbt', 'action': 'deprecated_version_invocation', 'label': 'bb5a8882-a312-4496-a1ff-60aa5eefde20', 'context': [<snowplow_tracker.self_describing_json.SelfDescribingJson object at 0x759270bb3380>]}
[0m15:48:40.759188 [info ] [MainThread]: dbt version: 1.7.20
[0m15:48:40.759492 [info ] [MainThread]: python version: 3.12.3
[0m15:48:40.759788 [info ] [MainThread]: python path: /home/democratabi/olist_platform/.venv/bin/python3
[0m15:48:40.760091 [info ] [MainThread]: os info: Linux-6.18.33.2-microsoft-standard-WSL2-x86_64-with-glibc2.39
[0m15:48:40.887507 [info ] [MainThread]: Using profiles dir at /home/democratabi/olist_platform/include/dbt
[0m15:48:40.888101 [info ] [MainThread]: Using profiles.yml file at /home/democratabi/olist_platform/include/dbt/profiles.yml
[0m15:48:40.888504 [info ] [MainThread]: Using dbt_project.yml file at /home/democratabi/olist_platform/include/dbt/dbt_project.yml
[0m15:48:40.889065 [info ] [MainThread]: adapter type: mysql
[0m15:48:40.889473 [info ] [MainThread]: adapter version: 1.7.0
[0m15:48:41.126850 [info ] [MainThread]: Configuration:
[0m15:48:41.127621 [info ] [MainThread]:   profiles.yml file [[32mOK found and valid[0m]
[0m15:48:41.128294 [info ] [MainThread]:   dbt_project.yml file [[32mOK found and valid[0m]
[0m15:48:41.128961 [info ] [MainThread]: Required dependencies:
[0m15:48:41.129434 [debug] [MainThread]: Executing "git --help"
[0m15:48:41.131491 [debug] [MainThread]: STDOUT: "b"usage: git [-v | --version] [-h | --help] [-C <path>] [-c <name>=<value>]\n           [--exec-path[=<path>]] [--html-path] [--man-path] [--info-path]\n           [-p | --paginate | -P | --no-pager] [--no-replace-objects] [--bare]\n           [--git-dir=<path>] [--work-tree=<path>] [--namespace=<name>]\n           [--config-env=<name>=<envvar>] <command> [<args>]\n\nThese are common Git commands used in various situations:\n\nstart a working area (see also: git help tutorial)\n   clone     Clone a repository into a new directory\n   init      Create an empty Git repository or reinitialize an existing one\n\nwork on the current change (see also: git help everyday)\n   add       Add file contents to the index\n   mv        Move or rename a file, a directory, or a symlink\n   restore   Restore working tree files\n   rm        Remove files from the working tree and from the index\n\nexamine the history and state (see also: git help revisions)\n   bisect    Use binary search to find the commit that introduced a bug\n   diff      Show changes between commits, commit and working tree, etc\n   grep      Print lines matching a pattern\n   log       Show commit logs\n   show      Show various types of objects\n   status    Show the working tree status\n\ngrow, mark and tweak your common history\n   branch    List, create, or delete branches\n   commit    Record changes to the repository\n   merge     Join two or more development histories together\n   rebase    Reapply commits on top of another base tip\n   reset     Reset current HEAD to the specified state\n   switch    Switch branches\n   tag       Create, list, delete or verify a tag object signed with GPG\n\ncollaborate (see also: git help workflows)\n   fetch     Download objects and refs from another repository\n   pull      Fetch from and integrate with another repository or a local branch\n   push      Update remote refs along with associated objects\n\n'git help -a' and 'git help -g' list available subcommands and some\nconcept guides. See 'git help <command>' or 'git help <concept>'\nto read about a specific subcommand or concept.\nSee 'git help git' for an overview of the system.\n""
[0m15:48:41.131966 [debug] [MainThread]: STDERR: "b''"
[0m15:48:41.132356 [info ] [MainThread]:  - git [[32mOK found[0m]

[0m15:48:41.132876 [info ] [MainThread]: Connection:
[0m15:48:41.133363 [info ] [MainThread]:   server: localhost
[0m15:48:41.133892 [info ] [MainThread]:   unix_socket: None
[0m15:48:41.134365 [info ] [MainThread]:   port: 3306
[0m15:48:41.134859 [info ] [MainThread]:   database: None
[0m15:48:41.135433 [info ] [MainThread]:   schema: raw
[0m15:48:41.135831 [info ] [MainThread]:   user: warehouse
[0m15:48:41.136449 [info ] [MainThread]: Registered adapter: mysql=1.7.0
[0m15:48:41.137226 [debug] [MainThread]: Acquiring new mysql connection 'debug'
[0m15:48:41.137660 [debug] [MainThread]: Using mysql connection "debug"
[0m15:48:41.138114 [debug] [MainThread]: On debug: select 1 as id
[0m15:48:41.138609 [debug] [MainThread]: Opening a new connection, currently in state init
[0m15:48:41.208387 [debug] [MainThread]: SQL status: SUCCESS 1 in 0.0 seconds
[0m15:48:41.210140 [debug] [MainThread]: On debug: Close
[0m15:48:41.210832 [info ] [MainThread]:   Connection test: [[32mOK connection ok[0m]

[0m15:48:41.211307 [info ] [MainThread]: [32mAll checks passed![0m
[0m15:48:41.211877 [debug] [MainThread]: Resource report: {"command_name": "debug", "command_success": true, "command_wall_clock_time": 0.5214343, "process_user_time": 2.22, "process_kernel_time": 0.129284, "process_mem_max_rss": "112452", "process_out_blocks": "16", "process_in_blocks": "0"}
[0m15:48:41.212411 [debug] [MainThread]: Command `dbt debug` succeeded at 15:48:41.212268 after 0.52 seconds
[0m15:48:41.212794 [debug] [MainThread]: Connection 'debug' was properly closed.
[0m15:48:41.214506 [debug] [MainThread]: Sending event: {'category': 'dbt', 'action': 'invocation', 'label': 'end', 'context': [<snowplow_tracker.self_describing_json.SelfDescribingJson object at 0x759270bb3380>, <snowplow_tracker.self_describing_json.SelfDescribingJson object at 0x75926bdd3b30>, <snowplow_tracker.self_describing_json.SelfDescribingJson object at 0x75926d3b8fe0>]}
[0m15:48:41.215063 [debug] [MainThread]: Flushing usage events
[0m15:49:34.043736 [debug] [MainThread]: Sending event: {'category': 'dbt', 'action': 'invocation', 'label': 'start', 'context': [<snowplow_tracker.self_describing_json.SelfDescribingJson object at 0x76db0d1806e0>, <snowplow_tracker.self_describing_json.SelfDescribingJson object at 0x76db0df498e0>, <snowplow_tracker.self_describing_json.SelfDescribingJson object at 0x76db0d5246e0>]}


============================== 15:49:34.046840 | 8971b807-c36a-48c3-8e03-95c9ca47dec2 ==============================
[0m15:49:34.046840 [info ] [MainThread]: Running with dbt=1.7.20
[0m15:49:34.047502 [debug] [MainThread]: running dbt with arguments {'printer_width': '80', 'indirect_selection': 'eager', 'write_json': 'True', 'log_cache_events': 'False', 'partial_parse': 'True', 'cache_selected_only': 'False', 'profiles_dir': '/home/democratabi/olist_platform/include/dbt', 'version_check': 'True', 'fail_fast': 'False', 'log_path': '/home/democratabi/olist_platform/include/dbt/logs', 'warn_error': 'None', 'debug': 'False', 'use_colors': 'True', 'use_experimental_parser': 'False', 'no_print': 'None', 'quiet': 'False', 'log_format': 'default', 'introspect': 'True', 'invocation_command': 'dbt debug', 'static_parser': 'True', 'target_path': 'None', 'warn_error_options': 'WarnErrorOptions(include=[], exclude=[])', 'send_anonymous_usage_stats': 'True'}
[0m15:49:34.047974 [info ] [MainThread]: This version of dbt is deprecated and no longer receives regular patches, including for known bugs. We recommend upgrading to a newer supported version of dbt: https://docs.getdbt.com/docs/dbt-versions
[0m15:49:34.048390 [debug] [MainThread]: Sending event: {'category': 'dbt', 'action': 'deprecated_version_invocation', 'label': '8971b807-c36a-48c3-8e03-95c9ca47dec2', 'context': [<snowplow_tracker.self_describing_json.SelfDescribingJson object at 0x76db0df498e0>]}
[0m15:49:34.048898 [info ] [MainThread]: dbt version: 1.7.20
[0m15:49:34.049337 [info ] [MainThread]: python version: 3.12.3
[0m15:49:34.049732 [info ] [MainThread]: python path: /home/democratabi/olist_platform/.venv/bin/python3
[0m15:49:34.050076 [info ] [MainThread]: os info: Linux-6.18.33.2-microsoft-standard-WSL2-x86_64-with-glibc2.39
[0m15:49:34.204796 [info ] [MainThread]: Using profiles dir at /home/democratabi/olist_platform/include/dbt
[0m15:49:34.205394 [info ] [MainThread]: Using profiles.yml file at /home/democratabi/olist_platform/include/dbt/profiles.yml
[0m15:49:34.205911 [info ] [MainThread]: Using dbt_project.yml file at /home/democratabi/olist_platform/include/dbt/dbt_project.yml
[0m15:49:34.206899 [info ] [MainThread]: adapter type: mysql
[0m15:49:34.207749 [info ] [MainThread]: adapter version: 1.7.0
[0m15:49:34.374986 [info ] [MainThread]: Configuration:
[0m15:49:34.375761 [info ] [MainThread]:   profiles.yml file [[32mOK found and valid[0m]
[0m15:49:34.376362 [info ] [MainThread]:   dbt_project.yml file [[32mOK found and valid[0m]
[0m15:49:34.376890 [info ] [MainThread]: Required dependencies:
[0m15:49:34.377450 [debug] [MainThread]: Executing "git --help"
[0m15:49:34.379757 [debug] [MainThread]: STDOUT: "b"usage: git [-v | --version] [-h | --help] [-C <path>] [-c <name>=<value>]\n           [--exec-path[=<path>]] [--html-path] [--man-path] [--info-path]\n           [-p | --paginate | -P | --no-pager] [--no-replace-objects] [--bare]\n           [--git-dir=<path>] [--work-tree=<path>] [--namespace=<name>]\n           [--config-env=<name>=<envvar>] <command> [<args>]\n\nThese are common Git commands used in various situations:\n\nstart a working area (see also: git help tutorial)\n   clone     Clone a repository into a new directory\n   init      Create an empty Git repository or reinitialize an existing one\n\nwork on the current change (see also: git help everyday)\n   add       Add file contents to the index\n   mv        Move or rename a file, a directory, or a symlink\n   restore   Restore working tree files\n   rm        Remove files from the working tree and from the index\n\nexamine the history and state (see also: git help revisions)\n   bisect    Use binary search to find the commit that introduced a bug\n   diff      Show changes between commits, commit and working tree, etc\n   grep      Print lines matching a pattern\n   log       Show commit logs\n   show      Show various types of objects\n   status    Show the working tree status\n\ngrow, mark and tweak your common history\n   branch    List, create, or delete branches\n   commit    Record changes to the repository\n   merge     Join two or more development histories together\n   rebase    Reapply commits on top of another base tip\n   reset     Reset current HEAD to the specified state\n   switch    Switch branches\n   tag       Create, list, delete or verify a tag object signed with GPG\n\ncollaborate (see also: git help workflows)\n   fetch     Download objects and refs from another repository\n   pull      Fetch from and integrate with another repository or a local branch\n   push      Update remote refs along with associated objects\n\n'git help -a' and 'git help -g' list available subcommands and some\nconcept guides. See 'git help <command>' or 'git help <concept>'\nto read about a specific subcommand or concept.\nSee 'git help git' for an overview of the system.\n""
[0m15:49:34.380624 [debug] [MainThread]: STDERR: "b''"
[0m15:49:34.381327 [info ] [MainThread]:  - git [[32mOK found[0m]

[0m15:49:34.382032 [info ] [MainThread]: Connection:
[0m15:49:34.382843 [info ] [MainThread]:   server: localhost
[0m15:49:34.383611 [info ] [MainThread]:   unix_socket: None
[0m15:49:34.384903 [info ] [MainThread]:   port: 3306
[0m15:49:34.385468 [info ] [MainThread]:   database: None
[0m15:49:34.386081 [info ] [MainThread]:   schema: raw
[0m15:49:34.386537 [info ] [MainThread]:   user: warehouse
[0m15:49:34.387040 [info ] [MainThread]: Registered adapter: mysql=1.7.0
[0m15:49:34.388028 [debug] [MainThread]: Acquiring new mysql connection 'debug'
[0m15:49:34.388585 [debug] [MainThread]: Using mysql connection "debug"
[0m15:49:34.389078 [debug] [MainThread]: On debug: select 1 as id
[0m15:49:34.389528 [debug] [MainThread]: Opening a new connection, currently in state init
[0m15:49:34.458378 [debug] [MainThread]: mysql adapter: Failed connection without supplying the `database`. Trying again with `database` included.
[0m15:49:34.515314 [debug] [MainThread]: mysql adapter: Got an error when attempting to open a mysql connection: '1045 (28000): Access denied for user 'warehouse'@'172.18.0.1' (using password: YES)'
[0m15:49:34.515919 [debug] [MainThread]: mysql adapter: Error running SQL: select 1 as id
[0m15:49:34.516301 [debug] [MainThread]: mysql adapter: Rolling back transaction.
[0m15:49:34.516664 [debug] [MainThread]: On debug: No close available on handle
[0m15:49:34.519319 [info ] [MainThread]:   Connection test: [[31mERROR[0m]

[0m15:49:34.520091 [info ] [MainThread]: [31m1 check failed:[0m
[0m15:49:34.520763 [info ] [MainThread]: dbt was unable to connect to the specified database.
The database returned the following error:

  >Database Error
  1045 (28000): Access denied for user 'warehouse'@'172.18.0.1' (using password: YES)

Check your database credentials and try again. For more information, visit:
https://docs.getdbt.com/docs/configure-your-profile


[0m15:49:34.521932 [debug] [MainThread]: Resource report: {"command_name": "debug", "command_wall_clock_time": 0.54830945, "process_user_time": 2.368475, "process_kernel_time": 0.121744, "process_mem_max_rss": "113324", "process_out_blocks": "24", "command_success": false, "process_in_blocks": "0"}
[0m15:49:34.522847 [debug] [MainThread]: Command `dbt debug` failed at 15:49:34.522589 after 0.55 seconds
[0m15:49:34.523435 [debug] [MainThread]: Connection 'debug' was properly closed.
[0m15:49:34.524055 [debug] [MainThread]: Sending event: {'category': 'dbt', 'action': 'invocation', 'label': 'end', 'context': [<snowplow_tracker.self_describing_json.SelfDescribingJson object at 0x76db0df498e0>, <snowplow_tracker.self_describing_json.SelfDescribingJson object at 0x76db0d15aed0>, <snowplow_tracker.self_describing_json.SelfDescribingJson object at 0x76db0cbbea80>]}
[0m15:49:34.524635 [debug] [MainThread]: Flushing usage events
[0m15:51:42.160216 [debug] [MainThread]: Sending event: {'category': 'dbt', 'action': 'invocation', 'label': 'start', 'context': [<snowplow_tracker.self_describing_json.SelfDescribingJson object at 0x75e0044ac980>, <snowplow_tracker.self_describing_json.SelfDescribingJson object at 0x75e0044af800>, <snowplow_tracker.self_describing_json.SelfDescribingJson object at 0x75e0044ac470>]}


============================== 15:51:42.162840 | 9278a1d3-1ce7-4931-9489-0462861d698c ==============================
[0m15:51:42.162840 [info ] [MainThread]: Running with dbt=1.7.20
[0m15:51:42.163458 [debug] [MainThread]: running dbt with arguments {'printer_width': '80', 'indirect_selection': 'eager', 'write_json': 'True', 'log_cache_events': 'False', 'partial_parse': 'True', 'cache_selected_only': 'False', 'profiles_dir': '/home/democratabi/olist_platform/include/dbt', 'fail_fast': 'False', 'version_check': 'True', 'log_path': '/home/democratabi/olist_platform/include/dbt/logs', 'debug': 'False', 'warn_error': 'None', 'use_colors': 'True', 'use_experimental_parser': 'False', 'no_print': 'None', 'quiet': 'False', 'log_format': 'default', 'introspect': 'True', 'static_parser': 'True', 'invocation_command': 'dbt debug', 'target_path': 'None', 'warn_error_options': 'WarnErrorOptions(include=[], exclude=[])', 'send_anonymous_usage_stats': 'True'}
[0m15:51:42.163893 [info ] [MainThread]: This version of dbt is deprecated and no longer receives regular patches, including for known bugs. We recommend upgrading to a newer supported version of dbt: https://docs.getdbt.com/docs/dbt-versions
[0m15:51:42.164289 [debug] [MainThread]: Sending event: {'category': 'dbt', 'action': 'deprecated_version_invocation', 'label': '9278a1d3-1ce7-4931-9489-0462861d698c', 'context': [<snowplow_tracker.self_describing_json.SelfDescribingJson object at 0x75e004a04800>]}
[0m15:51:42.164822 [info ] [MainThread]: dbt version: 1.7.20
[0m15:51:42.165158 [info ] [MainThread]: python version: 3.12.3
[0m15:51:42.165485 [info ] [MainThread]: python path: /home/democratabi/olist_platform/.venv/bin/python3
[0m15:51:42.165810 [info ] [MainThread]: os info: Linux-6.18.33.2-microsoft-standard-WSL2-x86_64-with-glibc2.39
[0m15:51:42.397886 [info ] [MainThread]: Using profiles dir at /home/democratabi/olist_platform/include/dbt
[0m15:51:42.398436 [info ] [MainThread]: Using profiles.yml file at /home/democratabi/olist_platform/include/dbt/profiles.yml
[0m15:51:42.398845 [info ] [MainThread]: Using dbt_project.yml file at /home/democratabi/olist_platform/include/dbt/dbt_project.yml
[0m15:51:42.399388 [info ] [MainThread]: adapter type: mysql
[0m15:51:42.399757 [info ] [MainThread]: adapter version: 1.7.0
[0m15:51:42.530361 [info ] [MainThread]: Configuration:
[0m15:51:42.530984 [info ] [MainThread]:   profiles.yml file [[32mOK found and valid[0m]
[0m15:51:42.531484 [info ] [MainThread]:   dbt_project.yml file [[32mOK found and valid[0m]
[0m15:51:42.532331 [info ] [MainThread]: Required dependencies:
[0m15:51:42.533206 [debug] [MainThread]: Executing "git --help"
[0m15:51:42.536387 [debug] [MainThread]: STDOUT: "b"usage: git [-v | --version] [-h | --help] [-C <path>] [-c <name>=<value>]\n           [--exec-path[=<path>]] [--html-path] [--man-path] [--info-path]\n           [-p | --paginate | -P | --no-pager] [--no-replace-objects] [--bare]\n           [--git-dir=<path>] [--work-tree=<path>] [--namespace=<name>]\n           [--config-env=<name>=<envvar>] <command> [<args>]\n\nThese are common Git commands used in various situations:\n\nstart a working area (see also: git help tutorial)\n   clone     Clone a repository into a new directory\n   init      Create an empty Git repository or reinitialize an existing one\n\nwork on the current change (see also: git help everyday)\n   add       Add file contents to the index\n   mv        Move or rename a file, a directory, or a symlink\n   restore   Restore working tree files\n   rm        Remove files from the working tree and from the index\n\nexamine the history and state (see also: git help revisions)\n   bisect    Use binary search to find the commit that introduced a bug\n   diff      Show changes between commits, commit and working tree, etc\n   grep      Print lines matching a pattern\n   log       Show commit logs\n   show      Show various types of objects\n   status    Show the working tree status\n\ngrow, mark and tweak your common history\n   branch    List, create, or delete branches\n   commit    Record changes to the repository\n   merge     Join two or more development histories together\n   rebase    Reapply commits on top of another base tip\n   reset     Reset current HEAD to the specified state\n   switch    Switch branches\n   tag       Create, list, delete or verify a tag object signed with GPG\n\ncollaborate (see also: git help workflows)\n   fetch     Download objects and refs from another repository\n   pull      Fetch from and integrate with another repository or a local branch\n   push      Update remote refs along with associated objects\n\n'git help -a' and 'git help -g' list available subcommands and some\nconcept guides. See 'git help <command>' or 'git help <concept>'\nto read about a specific subcommand or concept.\nSee 'git help git' for an overview of the system.\n""
[0m15:51:42.537780 [debug] [MainThread]: STDERR: "b''"
[0m15:51:42.539193 [info ] [MainThread]:  - git [[32mOK found[0m]

[0m15:51:42.539858 [info ] [MainThread]: Connection:
[0m15:51:42.540556 [info ] [MainThread]:   server: localhost
[0m15:51:42.541122 [info ] [MainThread]:   unix_socket: None
[0m15:51:42.541594 [info ] [MainThread]:   port: 3306
[0m15:51:42.542117 [info ] [MainThread]:   database: None
[0m15:51:42.542787 [info ] [MainThread]:   schema: raw
[0m15:51:42.543291 [info ] [MainThread]:   user: warehouse
[0m15:51:42.544985 [info ] [MainThread]: Registered adapter: mysql=1.7.0
[0m15:51:42.546133 [debug] [MainThread]: Acquiring new mysql connection 'debug'
[0m15:51:42.546614 [debug] [MainThread]: Using mysql connection "debug"
[0m15:51:42.546979 [debug] [MainThread]: On debug: select 1 as id
[0m15:51:42.547352 [debug] [MainThread]: Opening a new connection, currently in state init
[0m15:51:42.612473 [debug] [MainThread]: SQL status: SUCCESS 1 in 0.0 seconds
[0m15:51:42.614183 [debug] [MainThread]: On debug: Close
[0m15:51:42.614856 [info ] [MainThread]:   Connection test: [[32mOK connection ok[0m]

[0m15:51:42.615337 [info ] [MainThread]: [32mAll checks passed![0m
[0m15:51:42.615922 [debug] [MainThread]: Resource report: {"command_name": "debug", "command_success": true, "command_wall_clock_time": 0.50986105, "process_user_time": 2.477126, "process_kernel_time": 0.152955, "process_mem_max_rss": "112456", "process_out_blocks": "24", "process_in_blocks": "0"}
[0m15:51:42.616561 [debug] [MainThread]: Command `dbt debug` succeeded at 15:51:42.616394 after 0.51 seconds
[0m15:51:42.617003 [debug] [MainThread]: Connection 'debug' was properly closed.
[0m15:51:42.618493 [debug] [MainThread]: Sending event: {'category': 'dbt', 'action': 'invocation', 'label': 'end', 'context': [<snowplow_tracker.self_describing_json.SelfDescribingJson object at 0x75e004a04800>, <snowplow_tracker.self_describing_json.SelfDescribingJson object at 0x75e003d905f0>, <snowplow_tracker.self_describing_json.SelfDescribingJson object at 0x75e004ac7aa0>]}
[0m15:51:42.618980 [debug] [MainThread]: Flushing usage events
